temperatura_c,umidade_pct,perda_pacotes_pct,latencia_ms,tentativas_login_falhas,idade_firmware_dias,consumo_cpu_pct,trafego_saida_kbps,criptografia_ativa,protocolo,rede,tipo_equipamento,risco_alto
30.13,73.29,2.82,110.83,1,61,58.98,99.77,sim,CoAP,iot_isolada,sensor,0
20.72,46.17,1.16,34.89,1,38,21.33,268.56,sim,CoAP,iot_isolada,sensor,0
33.25,48.33,6.8,101.95,0,397,48.1,460.81,sim,MQTT,corporativa,sensor,0
34.58,43.15,4.02,121.12,0,146,44.1,384.14,sim,CoAP,iot_isolada,sensor,0
14.34,41.55,2.22,127.51,0,139,80.95,122.18,sim,MQTT,visitantes,atuador,0
18.88,64.5,7.53,80.09,2,104,30.29,138.54,sim,MQTT,corporativa,camera,0
28.89,56.61,1.68,77.09,2,120,42.22,365.38,sim,MQTT,iot_isolada,atuador,0
25.79,63.73,7.66,62.77,2,409,67.25,427.34,sim,MQTT,visitantes,sensor,0
27.88,51.84,11.56,67.58,2,88,39.86,137.68,sim,MQTT,corporativa,atuador,1
22.03,61.24,3.94,187.25,1,177,19.0,393.4,sim,CoAP,iot_isolada,atuador,1
34.16,44.46,3.54,69.2,2,79,26.62,103.47,sim,HTTP,visitantes,gateway,0
33.44,92.14,10.35,37.19,2,214,36.54,462.7,sim,MQTT,iot_isolada,sensor,0
28.46,23.78,1.91,81.27,1,137,74.22,160.98,sim,MQTT,corporativa,atuador,0
35.89,74.7,10.32,108.11,2,279,43.56,316.2,sim,MQTT,iot_isolada,atuador,1
31.27,76.62,11.31,124.07,1,306,9.81,281.13,sim,HTTP,iot_isolada,sensor,0
21.98,36.66,1.56,28.59,0,560,58.39,673.48,sim,MQTT,iot_isolada,atuador,0
30.58,92.13,0.72,163.26,1,820,50.82,354.07,sim,MQTT,corporativa,atuador,0
21.29,69.92,8.48,105.43,2,113,94.35,196.49,sim,MQTT,corporativa,sensor,0
34.15,69.48,0.95,157.39,3,331,59.05,384.41,nao,HTTP,iot_isolada,sensor,1
27.65,52.5,2.5,20.19,0,135,75.8,1339.01,sim,MQTT,iot_isolada,sensor,1
26.71,48.09,6.19,130.69,0,299,55.67,501.74,sim,MQTT,visitantes,camera,0
23.23,48.23,5.57,27.43,1,290,38.89,286.74,sim,MQTT,iot_isolada,atuador,0
36.56,59.03,3.03,52.91,0,284,44.2,166.75,sim,CoAP,iot_isolada,atuador,0
26.92,77.22,3.83,107.72,1,350,42.45,194.12,sim,MQTT,corporativa,sensor,0
25.0,55.26,3.85,25.18,3,225,22.91,481.06,nao,HTTP,iot_isolada,camera,0
25.54,35.59,1.14,43.0,2,146,62.81,160.76,sim,HTTP,visitantes,camera,0
31.73,66.84,4.75,19.85,2,216,22.25,299.43,sim,CoAP,corporativa,camera,0
30.56,68.58,4.06,105.83,1,779,87.06,817.57,nao,HTTP,corporativa,gateway,1
30.89,63.78,0.08,34.42,0,124,26.96,332.05,nao,HTTP,visitantes,camera,0
31.02,65.42,10.47,66.09,2,156,59.35,140.42,sim,MQTT,iot_isolada,sensor,0
42.99,47.12,6.71,86.69,2,106,55.52,1372.64,sim,HTTP,iot_isolada,sensor,0
25.16,35.28,7.81,80.63,4,31,55.33,1026.3,sim,CoAP,iot_isolada,atuador,1
24.41,36.37,2.69,75.64,1,189,20.79,424.46,sim,CoAP,visitantes,sensor,0
22.3,22.56,18.93,75.54,0,314,46.31,729.99,sim,CoAP,iot_isolada,sensor,0
32.31,56.27,13.15,21.08,1,91,22.87,247.92,nao,HTTP,iot_isolada,atuador,0
35.9,50.5,10.96,55.1,2,502,59.75,496.27,sim,HTTP,iot_isolada,atuador,1
27.2,44.08,4.85,75.07,3,273,48.66,222.19,sim,MQTT,corporativa,gateway,0
22.12,5.0,7.98,69.47,1,412,51.78,115.72,sim,CoAP,iot_isolada,sensor,1
22.23,29.55,7.41,59.87,1,254,36.01,1834.17,sim,CoAP,iot_isolada,camera,1
32.55,72.18,6.42,38.27,2,176,43.45,111.66,sim,HTTP,corporativa,camera,0
33.2,40.04,1.04,79.43,2,149,93.89,368.08,sim,MQTT,corporativa,sensor,0
31.8,58.49,3.11,89.79,3,246,63.62,365.08,sim,MQTT,corporativa,sensor,1
23.34,26.97,11.06,47.51,0,263,22.5,428.89,nao,MQTT,corporativa,sensor,0
29.63,77.9,4.34,124.63,0,132,54.25,280.68,sim,MQTT,visitantes,camera,0
28.82,49.41,2.69,165.44,1,172,67.86,282.74,sim,MQTT,iot_isolada,atuador,0
29.53,57.22,4.57,67.03,3,681,86.1,329.27,nao,MQTT,iot_isolada,gateway,1
34.1,93.86,0.68,35.52,1,219,49.64,418.18,sim,MQTT,corporativa,sensor,0
29.57,79.3,8.42,24.91,1,236,21.06,298.49,sim,HTTP,corporativa,sensor,1
32.75,46.48,6.81,52.34,1,574,67.27,284.9,sim,MQTT,iot_isolada,camera,1
28.47,41.32,1.09,63.56,2,266,52.71,118.54,sim,MQTT,corporativa,camera,0
30.02,46.14,2.79,23.77,0,199,45.84,1223.63,sim,HTTP,corporativa,sensor,1
32.42,61.18,0.88,51.16,2,404,14.02,434.84,sim,MQTT,visitantes,atuador,1
17.8,50.11,7.56,120.42,0,343,68.87,345.93,sim,CoAP,iot_isolada,atuador,0
25.76,44.89,3.27,8.95,0,241,41.99,193.04,sim,HTTP,iot_isolada,atuador,0
24.71,78.41,1.97,70.04,1,256,77.27,148.04,sim,MQTT,corporativa,sensor,0
23.53,49.94,13.61,42.8,2,160,47.94,545.66,sim,MQTT,corporativa,atuador,0
26.07,93.39,7.29,64.98,1,74,50.0,267.23,sim,MQTT,visitantes,gateway,0
38.46,53.63,4.8,171.11,1,308,28.92,461.62,sim,MQTT,iot_isolada,camera,0
21.94,84.14,5.23,62.82,2,49,34.43,115.99,sim,CoAP,iot_isolada,sensor,0
34.78,58.43,4.37,56.46,2,77,67.24,882.53,sim,MQTT,iot_isolada,sensor,0
16.22,69.33,4.91,101.37,0,171,47.69,561.7,sim,MQTT,corporativa,sensor,1
25.66,38.96,2.82,80.18,2,157,59.84,282.38,nao,MQTT,iot_isolada,atuador,0
29.14,36.63,13.78,70.25,2,332,13.91,414.61,nao,MQTT,corporativa,gateway,1
32.1,60.27,6.32,82.17,0,394,47.88,502.05,sim,MQTT,corporativa,atuador,0
32.98,69.79,3.36,142.01,2,746,39.43,117.23,sim,CoAP,iot_isolada,camera,1
33.55,52.72,5.12,115.4,4,41,27.93,967.27,sim,MQTT,corporativa,sensor,0
25.56,28.84,4.06,53.65,2,283,39.0,419.17,nao,CoAP,corporativa,camera,1
24.76,27.52,1.89,165.37,0,275,33.63,182.57,sim,HTTP,corporativa,sensor,1
34.01,26.31,10.0,44.83,1,250,46.92,138.71,sim,HTTP,corporativa,atuador,1
26.66,20.18,0.38,70.05,2,308,44.15,596.43,nao,MQTT,visitantes,sensor,1
19.07,53.97,1.75,75.73,2,355,47.8,346.48,sim,MQTT,visitantes,sensor,0
20.07,72.25,9.97,51.79,0,513,56.98,418.98,sim,CoAP,corporativa,camera,0
21.56,51.76,10.5,154.14,1,256,35.08,304.5,sim,CoAP,corporativa,atuador,0
31.48,11.31,3.27,49.89,1,619,59.4,148.13,sim,HTTP,iot_isolada,camera,0
29.0,48.57,2.07,59.33,3,257,43.17,426.68,sim,MQTT,corporativa,sensor,0
32.83,49.07,2.07,126.48,2,140,34.98,260.27,sim,MQTT,iot_isolada,gateway,0
25.01,89.73,4.6,46.1,3,240,51.46,294.36,sim,MQTT,corporativa,sensor,1
29.11,25.77,1.43,22.91,2,98,57.46,1577.98,sim,HTTP,iot_isolada,camera,1
32.38,44.97,6.41,71.45,1,103,71.41,549.14,nao,CoAP,corporativa,camera,0
25.83,82.71,6.18,29.15,0,182,48.58,571.77,sim,HTTP,iot_isolada,sensor,0
31.2,60.1,4.53,26.49,2,162,41.0,2006.94,sim,CoAP,iot_isolada,sensor,0
23.37,62.14,6.11,9.18,1,503,21.71,391.19,sim,HTTP,corporativa,sensor,0
25.46,54.06,7.46,10.6,5,180,45.83,324.99,sim,CoAP,iot_isolada,sensor,0
25.33,57.94,3.86,11.48,1,86,83.09,185.78,sim,HTTP,iot_isolada,camera,0
19.63,66.0,5.55,179.28,1,208,55.7,217.72,nao,HTTP,visitantes,sensor,1
31.41,37.43,17.57,11.44,1,255,57.58,71.31,sim,HTTP,iot_isolada,sensor,1
24.71,67.81,6.31,28.53,1,225,63.44,519.72,sim,HTTP,corporativa,gateway,0
28.09,27.29,7.37,60.06,4,82,48.77,123.12,sim,CoAP,iot_isolada,gateway,1
31.37,57.91,5.34,98.41,2,540,48.43,562.23,sim,CoAP,corporativa,atuador,1
31.13,55.22,4.66,105.18,1,36,16.63,290.0,sim,CoAP,visitantes,atuador,1
32.66,40.91,5.64,35.54,1,223,36.74,326.9,sim,HTTP,iot_isolada,camera,1
27.31,51.59,7.2,69.15,0,80,66.51,290.13,sim,HTTP,corporativa,sensor,1
25.04,40.79,1.03,58.8,2,420,78.49,788.59,sim,HTTP,iot_isolada,camera,1
27.44,32.71,8.53,66.41,0,284,43.67,696.88,sim,MQTT,iot_isolada,gateway,0
16.19,45.63,4.73,72.74,0,255,35.96,292.88,nao,HTTP,corporativa,camera,0
17.87,32.13,0.67,86.49,3,170,45.57,159.29,nao,HTTP,iot_isolada,atuador,1
18.74,57.81,1.3,42.19,3,509,67.73,570.62,nao,CoAP,iot_isolada,camera,0
21.02,31.3,1.36,138.13,2,169,61.12,151.08,sim,MQTT,iot_isolada,sensor,0
30.8,64.82,0.93,50.17,0,656,53.41,100.64,sim,HTTP,iot_isolada,gateway,0
21.66,30.73,4.45,235.74,0,100,44.89,423.62,sim,HTTP,iot_isolada,sensor,0
25.35,41.81,7.28,44.19,2,209,18.43,701.31,sim,MQTT,iot_isolada,atuador,0
37.09,40.76,3.1,70.01,0,349,47.11,225.08,nao,CoAP,iot_isolada,sensor,1
25.51,75.85,2.87,59.18,3,298,53.84,396.69,sim,CoAP,iot_isolada,gateway,0
33.16,57.95,1.39,68.1,4,197,43.11,223.41,sim,CoAP,iot_isolada,camera,0
21.46,48.19,7.65,128.64,2,42,44.29,495.41,sim,MQTT,iot_isolada,sensor,0
26.56,60.98,9.06,56.76,2,234,86.68,643.24,sim,MQTT,corporativa,gateway,0
21.35,14.07,2.74,25.55,2,154,31.52,248.64,nao,HTTP,iot_isolada,sensor,1
25.63,51.22,1.93,41.6,1,125,65.53,145.57,sim,HTTP,iot_isolada,sensor,0
33.88,87.96,9.18,56.85,1,363,52.24,107.78,sim,MQTT,corporativa,sensor,0
15.91,54.38,5.53,74.38,2,33,77.64,571.34,sim,HTTP,corporativa,atuador,1
31.04,53.22,1.87,35.67,2,202,62.08,134.88,sim,MQTT,iot_isolada,atuador,0
29.66,61.87,5.09,38.85,1,10,21.05,387.77,sim,MQTT,corporativa,sensor,0
23.84,68.12,0.96,76.25,1,300,80.05,515.01,sim,CoAP,corporativa,atuador,1
17.88,16.05,3.32,78.07,0,366,58.76,210.42,sim,MQTT,corporativa,atuador,1
28.5,21.72,3.74,117.12,0,232,83.66,266.04,nao,MQTT,iot_isolada,sensor,1
24.29,55.79,5.01,41.2,1,142,34.71,601.44,sim,HTTP,visitantes,atuador,0
29.63,39.13,10.77,92.24,2,504,36.11,169.74,sim,CoAP,visitantes,sensor,1
28.15,75.62,5.84,59.26,0,527,93.57,158.1,sim,MQTT,visitantes,atuador,0
39.21,46.33,3.95,45.85,1,265,66.03,253.64,sim,MQTT,visitantes,camera,0
26.32,17.18,3.21,60.66,1,581,96.69,731.09,sim,CoAP,corporativa,atuador,1
20.84,29.18,2.55,66.78,0,100,42.92,922.89,nao,CoAP,corporativa,sensor,1
29.25,5.0,8.03,23.21,0,188,83.5,278.9,sim,MQTT,corporativa,sensor,1
29.54,47.79,12.18,24.84,0,17,63.15,181.55,sim,MQTT,corporativa,atuador,0
37.51,48.61,4.84,100.68,1,75,46.57,629.47,sim,CoAP,iot_isolada,gateway,1
33.85,44.36,7.29,49.26,1,69,42.33,92.9,nao,CoAP,visitantes,camera,1
30.5,71.42,2.88,74.75,2,298,30.17,355.43,sim,HTTP,iot_isolada,camera,0
38.24,73.57,7.65,98.73,1,80,74.84,289.82,sim,MQTT,visitantes,gateway,1
19.68,48.93,8.56,60.92,1,117,79.14,739.28,sim,HTTP,iot_isolada,sensor,0
23.52,13.58,7.0,93.36,1,130,62.05,793.55,sim,HTTP,iot_isolada,sensor,1
21.51,63.11,9.96,67.08,3,61,61.35,154.51,sim,MQTT,corporativa,sensor,0
25.27,62.0,8.58,69.28,2,219,70.3,336.09,sim,MQTT,visitantes,sensor,1
18.36,57.57,7.28,135.4,1,249,36.58,200.45,nao,CoAP,iot_isolada,atuador,1
32.45,69.67,5.28,56.31,1,47,88.59,243.39,sim,HTTP,corporativa,sensor,1
26.44,31.03,5.1,101.44,2,332,89.05,460.43,sim,MQTT,corporativa,camera,1
17.7,88.16,3.11,19.64,3,94,77.59,236.41,sim,MQTT,iot_isolada,sensor,0
20.89,34.73,0.5,72.92,0,128,18.3,342.32,sim,CoAP,iot_isolada,atuador,0
30.19,65.49,8.42,157.46,5,285,51.89,584.11,sim,HTTP,iot_isolada,sensor,1
33.87,21.63,7.08,246.3,2,129,52.13,863.17,sim,MQTT,visitantes,sensor,1
41.98,35.26,8.03,20.57,0,76,13.08,365.8,sim,MQTT,corporativa,atuador,0
48.4,79.29,13.18,49.08,2,209,16.22,324.55,nao,MQTT,visitantes,sensor,1
30.9,47.3,4.13,29.7,3,423,31.73,137.68,sim,HTTP,iot_isolada,gateway,1
21.07,67.12,6.52,57.93,1,388,49.84,906.92,sim,CoAP,iot_isolada,sensor,0
13.08,56.27,6.28,112.32,0,119,42.59,422.84,nao,MQTT,visitantes,gateway,1
29.87,50.11,0.84,138.5,0,88,78.94,328.77,sim,HTTP,iot_isolada,sensor,0
22.31,76.55,9.53,141.36,0,105,7.5,317.2,sim,CoAP,corporativa,sensor,0
25.09,47.74,3.21,18.89,0,391,80.35,384.7,nao,HTTP,visitantes,camera,1
23.72,19.95,4.39,65.77,2,103,24.09,512.99,sim,MQTT,iot_isolada,camera,0
27.01,37.54,1.11,40.56,4,562,30.18,559.41,sim,MQTT,corporativa,atuador,0
35.46,61.92,1.77,55.54,4,283,71.74,922.94,sim,MQTT,iot_isolada,sensor,1
29.1,59.12,3.8,45.05,2,191,35.71,354.21,nao,MQTT,iot_isolada,gateway,0
26.89,23.79,7.7,19.8,0,118,46.82,1020.39,sim,HTTP,iot_isolada,sensor,0
20.75,38.96,0.62,139.36,0,211,42.17,626.66,nao,CoAP,iot_isolada,gateway,1
16.28,41.53,2.87,35.96,0,75,41.84,286.55,sim,MQTT,corporativa,atuador,0
24.6,45.42,1.81,41.15,1,49,54.87,93.02,sim,HTTP,corporativa,sensor,1
27.62,27.23,7.28,158.06,1,285,73.17,317.31,nao,CoAP,iot_isolada,sensor,1
40.38,40.69,4.85,16.68,1,190,31.5,889.74,nao,CoAP,corporativa,gateway,1
28.91,38.89,3.38,85.66,2,340,78.33,173.7,sim,MQTT,iot_isolada,atuador,0
34.88,65.89,3.62,122.55,4,243,66.01,316.63,sim,HTTP,iot_isolada,camera,1
24.5,66.56,5.34,150.21,1,116,19.46,335.51,sim,CoAP,corporativa,camera,0
19.71,49.38,2.78,81.78,1,388,40.88,577.95,sim,HTTP,corporativa,gateway,0
21.24,44.94,13.43,102.66,0,128,83.11,227.81,sim,HTTP,corporativa,sensor,1
22.92,54.52,10.51,122.51,0,465,49.99,162.62,sim,CoAP,visitantes,atuador,1
42.9,37.3,4.99,58.58,2,125,57.95,445.41,nao,MQTT,visitantes,atuador,0
22.25,31.36,9.68,31.99,1,57,56.38,177.62,sim,CoAP,corporativa,atuador,0
33.87,35.08,5.94,165.6,1,523,85.97,82.69,sim,MQTT,corporativa,atuador,1
21.68,40.57,7.66,95.54,0,121,42.14,1083.83,sim,HTTP,iot_isolada,atuador,0
34.52,31.06,4.5,65.72,3,128,51.02,571.88,sim,MQTT,iot_isolada,sensor,0
30.69,54.92,15.98,20.77,2,60,76.41,1116.97,sim,MQTT,iot_isolada,atuador,0
26.9,65.13,13.26,7.14,1,178,86.32,551.04,sim,CoAP,iot_isolada,sensor,0
27.71,23.43,0.14,84.54,1,68,38.83,481.19,sim,CoAP,iot_isolada,sensor,0
23.42,52.45,2.17,6.6,1,502,37.22,387.1,sim,CoAP,corporativa,sensor,0
31.12,48.04,6.81,65.22,2,145,55.68,262.38,sim,HTTP,visitantes,sensor,0
24.82,58.15,7.33,37.3,0,90,25.04,427.72,nao,HTTP,iot_isolada,sensor,0
19.42,51.77,2.34,44.97,1,203,13.63,202.9,sim,HTTP,corporativa,camera,0
19.05,25.84,9.49,142.33,2,807,43.86,141.39,sim,MQTT,visitantes,sensor,1
29.21,29.28,3.08,37.58,1,210,75.61,236.85,sim,CoAP,corporativa,sensor,0
39.05,52.53,5.54,67.54,1,161,18.1,738.07,sim,HTTP,corporativa,sensor,0
29.12,70.52,5.91,37.74,3,200,44.79,126.13,sim,MQTT,corporativa,gateway,0
27.17,12.14,2.3,79.31,4,352,34.87,127.54,sim,MQTT,iot_isolada,camera,1
30.0,58.22,6.38,71.83,5,330,82.34,452.11,sim,MQTT,iot_isolada,gateway,0
37.14,73.41,2.58,65.25,4,238,46.14,223.51,sim,CoAP,iot_isolada,gateway,1
29.54,49.25,1.63,122.8,1,399,37.63,419.83,nao,CoAP,corporativa,gateway,0
25.12,61.9,0.45,16.72,4,208,56.32,597.59,sim,MQTT,corporativa,sensor,0
35.74,39.34,9.2,12.66,0,172,66.15,412.85,sim,MQTT,corporativa,camera,0
31.0,49.85,6.83,24.29,5,205,32.03,191.99,sim,MQTT,iot_isolada,camera,1
38.75,22.82,5.56,72.08,2,125,13.49,733.67,sim,MQTT,corporativa,sensor,1
29.28,9.8,2.27,88.62,0,358,39.17,502.44,sim,MQTT,iot_isolada,atuador,0
19.43,68.97,2.9,5.0,0,120,84.54,304.53,sim,HTTP,iot_isolada,sensor,1
18.42,34.27,7.1,87.84,0,26,86.08,294.39,sim,HTTP,iot_isolada,atuador,0
39.56,43.8,3.22,50.0,1,49,40.27,388.31,sim,HTTP,iot_isolada,sensor,1
40.07,27.04,10.92,168.29,1,256,55.24,240.23,sim,HTTP,iot_isolada,gateway,1
26.74,26.62,8.97,83.57,2,104,58.79,95.41,sim,HTTP,corporativa,sensor,0
25.32,48.87,5.36,156.09,0,336,31.23,505.28,sim,CoAP,iot_isolada,atuador,0
38.23,38.87,6.14,137.83,4,192,36.3,484.7,nao,CoAP,corporativa,atuador,0
20.25,58.8,8.17,50.02,1,356,51.29,59.7,sim,HTTP,iot_isolada,sensor,1
21.74,60.15,14.15,112.64,1,29,65.82,427.29,sim,CoAP,iot_isolada,sensor,1
32.5,57.78,13.26,49.94,1,120,51.65,1022.02,sim,MQTT,iot_isolada,camera,1
25.24,56.29,1.85,181.59,1,87,82.23,135.73,sim,MQTT,visitantes,sensor,0
27.96,80.4,3.24,53.53,1,913,56.01,283.92,sim,CoAP,corporativa,sensor,0
26.86,32.78,1.77,91.47,1,137,31.24,263.12,sim,HTTP,corporativa,atuador,0
30.36,51.01,9.1,203.13,1,48,27.22,955.55,nao,CoAP,visitantes,camera,1
37.85,72.39,11.25,94.18,2,252,70.7,655.02,nao,MQTT,corporativa,sensor,1
28.63,74.76,2.61,46.13,0,80,67.79,161.6,sim,CoAP,iot_isolada,camera,0
32.51,26.41,3.96,21.86,0,382,25.31,379.74,sim,HTTP,corporativa,sensor,0
13.65,46.38,2.61,16.87,1,427,68.54,1497.98,sim,HTTP,iot_isolada,atuador,0
27.66,76.45,1.85,87.55,2,88,63.2,193.0,sim,MQTT,iot_isolada,sensor,0
22.1,61.15,16.86,60.65,1,107,57.79,296.54,sim,MQTT,iot_isolada,sensor,1
19.47,55.51,5.18,24.68,0,235,86.75,428.14,sim,MQTT,iot_isolada,sensor,0
21.85,48.08,6.4,104.82,1,390,81.96,194.99,sim,HTTP,iot_isolada,atuador,1
25.66,45.09,14.75,103.86,0,256,37.86,1026.84,sim,MQTT,iot_isolada,sensor,1
34.41,57.19,14.08,59.87,3,137,65.74,214.68,sim,HTTP,iot_isolada,gateway,1
18.72,47.46,0.96,160.45,2,58,88.89,113.03,sim,MQTT,corporativa,camera,0
28.21,51.23,4.45,13.93,1,596,68.19,206.96,sim,HTTP,iot_isolada,atuador,0
24.61,53.41,6.9,47.48,2,260,70.35,472.06,sim,MQTT,corporativa,sensor,0
25.71,39.79,13.29,93.84,1,682,77.56,170.93,sim,CoAP,corporativa,atuador,1
35.02,61.58,5.67,27.25,0,288,13.25,369.27,nao,CoAP,iot_isolada,atuador,0
31.77,100.0,1.06,111.69,1,623,61.23,443.1,nao,HTTP,iot_isolada,sensor,0
37.36,20.01,4.39,133.53,1,98,57.82,128.22,nao,HTTP,visitantes,sensor,1
26.92,57.83,0.18,5.0,4,105,61.93,201.42,nao,MQTT,iot_isolada,atuador,0
23.13,38.32,6.96,163.9,1,167,49.16,381.56,sim,MQTT,corporativa,sensor,0
26.43,62.39,7.87,90.07,1,92,56.9,488.67,sim,MQTT,corporativa,atuador,0
29.7,52.84,4.99,43.3,3,40,53.09,204.97,sim,CoAP,corporativa,atuador,0
29.24,65.71,10.8,18.31,1,115,77.3,332.37,sim,CoAP,corporativa,sensor,0
20.41,73.16,1.43,121.56,1,285,11.1,245.0,sim,MQTT,iot_isolada,sensor,0
28.63,55.46,6.07,23.55,3,65,20.76,497.45,sim,HTTP,iot_isolada,sensor,0
29.6,72.38,2.53,89.95,1,72,43.56,429.92,nao,MQTT,corporativa,camera,0
45.62,9.8,3.15,24.43,0,121,31.43,230.11,sim,MQTT,corporativa,camera,1
41.14,80.63,2.95,64.17,2,83,50.61,417.76,sim,MQTT,corporativa,gateway,0
22.03,58.75,6.49,118.06,2,127,63.12,223.9,nao,CoAP,iot_isolada,camera,1
25.99,71.4,5.9,43.75,2,177,69.23,411.64,sim,MQTT,corporativa,atuador,0
17.76,30.04,5.83,163.19,0,69,86.34,415.68,sim,HTTP,corporativa,sensor,0
23.87,37.05,9.18,95.31,2,123,42.65,1571.42,sim,CoAP,iot_isolada,sensor,0
30.21,54.63,4.53,27.33,0,190,52.27,236.19,sim,CoAP,corporativa,sensor,0
36.44,51.69,3.87,19.71,2,95,65.64,270.73,nao,MQTT,corporativa,sensor,1
22.9,57.1,12.91,34.11,2,58,39.87,189.98,sim,HTTP,iot_isolada,sensor,0
23.42,71.52,1.82,61.97,0,101,68.29,145.04,sim,HTTP,corporativa,atuador,0
12.97,20.23,2.53,173.13,0,144,71.81,217.13,nao,CoAP,corporativa,sensor,1
26.86,69.53,12.13,194.2,2,38,73.66,476.07,sim,MQTT,corporativa,sensor,1
20.56,52.15,8.96,42.45,2,288,44.63,500.81,sim,MQTT,corporativa,gateway,1
24.29,48.33,3.62,41.41,1,150,53.7,367.59,sim,MQTT,visitantes,gateway,0
21.86,25.52,2.83,106.17,3,102,64.98,242.98,sim,MQTT,iot_isolada,camera,1
27.34,61.05,3.31,105.59,1,45,35.02,211.59,sim,CoAP,iot_isolada,sensor,0
15.7,8.55,9.66,146.77,1,262,36.24,157.31,nao,MQTT,iot_isolada,sensor,1
17.73,63.67,4.61,149.3,2,430,77.54,202.39,sim,HTTP,corporativa,sensor,1
42.9,25.14,1.93,32.15,1,119,63.16,120.71,sim,MQTT,iot_isolada,sensor,0
18.99,52.96,8.15,16.14,2,642,50.07,773.17,sim,CoAP,corporativa,sensor,0
20.32,49.85,2.03,96.25,1,183,87.51,1081.39,sim,HTTP,iot_isolada,camera,1
40.86,73.05,3.42,74.82,3,188,76.77,77.08,sim,MQTT,iot_isolada,atuador,1
48.34,48.78,9.76,8.82,4,347,43.38,365.95,sim,MQTT,corporativa,sensor,1
19.8,39.51,5.66,15.76,0,272,20.49,361.73,sim,CoAP,iot_isolada,sensor,1
25.42,42.88,13.41,93.13,2,65,71.91,345.91,sim,MQTT,corporativa,atuador,0
30.39,74.91,4.63,58.02,1,115,23.42,197.37,sim,HTTP,corporativa,camera,0
40.1,61.65,3.86,94.57,1,389,80.3,611.41,sim,HTTP,corporativa,gateway,1
21.09,45.06,3.25,25.72,1,276,48.41,398.35,nao,CoAP,corporativa,atuador,0
26.28,47.74,9.2,99.26,2,646,80.97,616.39,nao,HTTP,corporativa,gateway,1
33.44,23.79,4.88,81.42,1,246,51.99,178.35,sim,MQTT,visitantes,gateway,1
31.04,58.99,7.71,104.22,2,283,37.45,113.5,nao,MQTT,corporativa,sensor,1
25.37,20.32,1.86,44.86,1,101,21.49,405.22,sim,MQTT,corporativa,atuador,0
27.06,65.53,9.5,37.57,1,425,34.57,152.31,nao,CoAP,corporativa,gateway,1
18.38,54.32,5.65,18.28,1,17,32.07,625.29,sim,MQTT,corporativa,sensor,0
26.33,94.97,5.63,50.84,1,214,56.71,67.45,sim,MQTT,corporativa,camera,1
26.14,32.2,3.28,129.83,1,289,70.95,215.3,sim,HTTP,corporativa,sensor,1
29.63,50.15,10.51,153.6,2,234,33.15,194.19,sim,MQTT,corporativa,camera,1
24.11,84.37,7.19,23.74,1,184,52.5,236.83,sim,MQTT,corporativa,sensor,0
31.3,73.45,4.91,61.94,1,168,37.38,358.8,sim,MQTT,corporativa,camera,1
35.09,39.47,1.14,174.79,3,190,48.45,394.4,sim,MQTT,iot_isolada,camera,0
29.09,56.03,5.83,190.02,1,75,54.71,467.69,sim,MQTT,visitantes,camera,0
30.46,52.04,4.66,49.27,2,233,34.05,506.99,nao,MQTT,corporativa,camera,0
28.37,57.08,2.92,137.38,2,102,26.12,265.05,sim,MQTT,iot_isolada,sensor,0
28.0,39.42,3.85,122.41,2,119,38.82,1307.79,sim,HTTP,iot_isolada,sensor,0
22.95,50.39,9.88,115.87,2,67,19.41,789.16,sim,MQTT,iot_isolada,camera,0
30.22,23.24,4.11,13.57,2,1046,32.78,240.23,sim,CoAP,iot_isolada,camera,0
27.32,54.43,1.38,40.45,1,221,58.02,271.56,sim,CoAP,iot_isolada,atuador,0
42.65,60.1,4.84,57.09,2,54,33.7,236.72,sim,HTTP,visitantes,sensor,0
39.01,47.91,1.86,55.88,1,204,70.12,385.41,sim,HTTP,corporativa,camera,0
30.7,22.93,2.76,61.45,4,422,73.26,151.36,sim,MQTT,iot_isolada,atuador,1
22.66,69.79,20.2,203.34,2,231,53.34,171.97,sim,MQTT,iot_isolada,gateway,1
20.21,58.56,4.66,50.57,1,180,37.09,65.55,sim,MQTT,visitantes,sensor,0
36.34,38.93,6.81,84.08,1,95,81.5,226.09,nao,MQTT,iot_isolada,sensor,1
29.84,46.95,5.75,82.01,1,232,91.39,629.76,nao,HTTP,visitantes,atuador,1
31.36,24.99,1.21,62.02,0,322,29.97,268.68,sim,CoAP,iot_isolada,sensor,1
15.79,33.54,5.75,25.13,2,324,46.0,279.41,sim,MQTT,iot_isolada,sensor,1
34.49,42.32,4.71,68.21,3,216,40.54,363.11,nao,MQTT,iot_isolada,camera,1
31.18,74.11,12.07,8.63,2,215,39.66,148.18,sim,HTTP,iot_isolada,sensor,1
20.23,40.49,3.75,89.96,2,470,87.84,304.2,sim,CoAP,iot_isolada,camera,0
24.7,63.52,10.51,6.98,1,437,70.55,557.37,sim,MQTT,iot_isolada,atuador,0
29.85,42.31,2.37,84.48,4,161,52.16,370.4,sim,HTTP,corporativa,atuador,1
28.37,56.46,6.02,38.74,0,609,32.27,592.72,nao,CoAP,visitantes,camera,1
25.95,49.45,1.71,28.32,0,55,81.81,724.07,nao,MQTT,iot_isolada,atuador,0
27.28,67.72,7.2,107.27,0,223,54.7,475.24,sim,MQTT,iot_isolada,atuador,0
26.24,42.37,2.1,46.15,0,240,34.35,181.39,sim,CoAP,corporativa,atuador,0
29.07,23.69,0.67,65.68,1,90,69.72,234.89,nao,MQTT,corporativa,atuador,0
38.3,27.12,2.23,14.07,0,44,95.23,1155.22,sim,HTTP,corporativa,atuador,0
10.03,42.43,7.04,160.98,1,92,5.0,372.38,sim,HTTP,corporativa,sensor,1
26.34,29.52,4.45,70.4,0,368,30.82,339.23,sim,CoAP,iot_isolada,sensor,0
29.24,59.38,0.96,70.27,0,376,76.11,163.7,nao,CoAP,visitantes,sensor,0
30.07,43.62,6.29,91.31,1,310,56.94,280.33,sim,HTTP,iot_isolada,gateway,1
25.4,94.74,5.33,5.0,5,103,38.05,493.47,sim,MQTT,corporativa,atuador,0
15.7,20.72,2.32,171.46,2,379,77.42,301.99,sim,MQTT,visitantes,atuador,1
30.3,55.67,3.76,49.16,1,110,49.61,207.77,sim,HTTP,visitantes,atuador,0
40.09,31.7,4.66,164.94,1,233,46.11,244.41,sim,MQTT,iot_isolada,atuador,1
17.26,43.12,4.95,47.83,3,189,85.05,688.34,nao,CoAP,corporativa,camera,0
34.05,54.55,3.4,39.68,1,139,39.68,476.97,nao,CoAP,iot_isolada,camera,1
25.7,10.14,3.29,87.07,4,299,63.69,434.34,sim,MQTT,iot_isolada,camera,1
27.57,56.26,1.41,229.46,1,342,21.48,406.92,sim,MQTT,corporativa,sensor,0
20.63,86.25,2.69,137.29,0,98,30.35,130.57,nao,HTTP,iot_isolada,gateway,0
25.66,43.84,1.01,93.8,0,198,50.81,361.64,sim,MQTT,iot_isolada,gateway,0
37.1,56.68,1.19,86.13,3,329,75.55,631.19,sim,MQTT,corporativa,sensor,1
32.08,70.45,2.34,67.75,1,8,89.19,248.98,sim,MQTT,visitantes,camera,0
40.13,49.05,6.17,160.17,0,257,54.67,592.41,sim,MQTT,visitantes,camera,1
36.24,41.54,4.26,109.12,3,334,40.26,437.75,sim,CoAP,iot_isolada,gateway,0
31.07,11.04,7.52,17.89,3,265,64.59,533.45,sim,HTTP,corporativa,atuador,1
40.21,63.54,5.44,28.47,3,274,16.83,309.72,sim,CoAP,corporativa,sensor,1
31.07,49.96,6.55,96.02,2,179,90.85,555.91,sim,CoAP,iot_isolada,atuador,0
33.8,33.77,2.37,24.24,1,318,51.99,107.2,sim,MQTT,iot_isolada,sensor,0
25.92,54.28,2.14,70.11,0,63,14.18,305.88,sim,HTTP,iot_isolada,sensor,1
28.47,41.49,4.05,115.27,1,92,37.64,492.31,sim,HTTP,corporativa,camera,0
23.12,42.49,3.62,87.51,0,271,38.65,367.75,sim,HTTP,corporativa,atuador,0
34.93,62.91,2.31,20.88,2,319,65.59,643.51,nao,MQTT,corporativa,atuador,0
19.75,27.91,3.62,29.9,1,424,75.02,267.74,nao,MQTT,iot_isolada,sensor,0
33.48,70.85,2.44,89.42,1,550,78.7,203.73,sim,MQTT,iot_isolada,gateway,0
26.67,26.84,17.53,213.64,1,105,56.44,94.88,sim,MQTT,corporativa,atuador,1
36.2,40.07,5.86,59.79,1,73,34.95,246.89,nao,MQTT,iot_isolada,atuador,0
33.26,86.61,5.4,117.95,1,362,29.28,429.15,sim,HTTP,visitantes,sensor,1
40.74,72.29,2.47,88.04,0,134,58.12,509.13,nao,MQTT,iot_isolada,sensor,1
33.12,53.76,9.71,38.41,0,184,53.31,112.23,sim,MQTT,corporativa,camera,0
17.0,35.07,3.37,118.85,1,337,74.38,680.43,sim,HTTP,iot_isolada,atuador,0
27.53,42.47,11.45,13.62,1,223,32.49,151.09,sim,HTTP,visitantes,sensor,0
19.8,53.32,3.6,113.13,3,311,90.42,274.57,sim,MQTT,corporativa,camera,0
24.37,52.68,5.86,91.8,2,96,64.57,200.7,sim,MQTT,corporativa,atuador,1
38.58,50.36,2.82,41.47,3,242,38.85,400.24,sim,HTTP,iot_isolada,camera,1
32.46,51.45,8.3,26.25,0,239,82.39,319.21,sim,HTTP,corporativa,camera,0
23.11,48.14,13.81,44.5,3,419,75.13,480.38,sim,CoAP,visitantes,atuador,1
20.9,26.04,4.38,36.03,2,483,74.72,1086.44,nao,MQTT,iot_isolada,sensor,1
28.23,42.7,6.35,52.71,4,131,26.65,394.85,nao,CoAP,corporativa,sensor,1
19.48,68.46,19.75,48.24,0,82,51.72,199.6,sim,HTTP,visitantes,sensor,1
23.3,27.37,13.62,41.45,0,324,99.12,412.71,sim,MQTT,iot_isolada,camera,1
30.18,48.59,1.83,13.02,0,39,42.57,1166.31,sim,MQTT,iot_isolada,sensor,0
36.09,37.24,9.65,22.94,2,340,25.43,473.16,sim,HTTP,corporativa,sensor,1
32.26,54.0,0.93,131.49,2,359,70.75,579.4,nao,CoAP,iot_isolada,sensor,1
11.96,45.0,1.37,42.44,2,123,49.52,97.95,sim,MQTT,visitantes,camera,1
30.13,78.59,8.84,53.49,2,11,35.82,391.82,nao,HTTP,corporativa,atuador,0
28.5,61.12,2.61,46.21,2,386,40.72,247.74,sim,CoAP,corporativa,camera,0
30.9,28.39,2.11,162.55,2,507,30.67,185.66,nao,MQTT,visitantes,gateway,0
39.31,64.08,14.22,35.31,2,483,40.93,294.23,nao,MQTT,corporativa,atuador,1
13.56,38.06,1.78,33.21,0,494,26.63,322.48,sim,MQTT,corporativa,gateway,0
23.86,41.61,10.71,93.2,1,58,69.81,193.05,nao,HTTP,corporativa,camera,0
32.14,57.65,3.73,74.07,0,202,54.62,341.01,sim,MQTT,iot_isolada,sensor,0
16.93,43.15,11.0,94.99,1,237,20.16,264.69,sim,HTTP,iot_isolada,sensor,1
38.33,68.07,15.08,90.93,0,212,80.81,488.68,sim,CoAP,corporativa,sensor,0
30.58,38.06,9.21,120.9,1,314,47.26,350.48,sim,HTTP,corporativa,camera,1
33.93,40.86,6.04,20.35,2,77,22.43,388.83,sim,HTTP,iot_isolada,atuador,0
24.0,40.19,3.36,87.18,0,38,82.06,593.22,sim,HTTP,iot_isolada,sensor,0
33.7,41.82,8.47,33.4,1,26,69.9,440.75,sim,HTTP,corporativa,sensor,0
35.48,71.79,21.54,9.14,2,391,34.26,297.6,sim,MQTT,iot_isolada,atuador,1
29.63,63.32,7.59,90.5,2,58,23.6,69.35,sim,MQTT,iot_isolada,atuador,0
29.64,82.78,12.45,86.92,3,211,45.93,428.21,sim,MQTT,corporativa,gateway,1
29.89,92.82,9.48,63.78,0,118,71.88,157.85,nao,CoAP,corporativa,sensor,0
21.96,33.45,4.29,122.31,1,123,63.63,281.36,sim,MQTT,visitantes,camera,0
26.97,53.27,2.1,33.63,2,165,32.74,387.51,sim,MQTT,visitantes,sensor,1
26.93,30.83,5.14,100.77,1,127,25.18,759.85,nao,MQTT,corporativa,camera,0
30.68,38.0,2.83,57.18,2,38,55.53,1085.32,sim,HTTP,visitantes,gateway,0
35.0,40.66,8.31,60.51,2,165,54.41,156.83,sim,MQTT,iot_isolada,atuador,0
20.59,32.97,0.32,10.76,1,98,62.55,118.97,sim,MQTT,visitantes,sensor,0
27.12,33.07,6.65,123.13,4,94,86.58,375.4,nao,CoAP,visitantes,atuador,1
38.37,49.4,3.26,84.61,1,605,46.2,354.14,sim,CoAP,iot_isolada,sensor,1
22.79,30.1,13.48,98.17,1,49,28.18,128.85,sim,HTTP,iot_isolada,sensor,0
22.24,67.16,5.51,29.8,0,159,25.02,295.41,sim,CoAP,corporativa,atuador,0
29.42,35.48,8.7,77.91,0,224,88.73,454.08,sim,HTTP,iot_isolada,camera,0
33.91,100.0,8.91,57.09,0,606,27.26,126.33,sim,MQTT,corporativa,camera,1
28.08,43.88,4.1,87.7,0,69,77.97,148.98,nao,MQTT,iot_isolada,sensor,0
37.3,53.3,4.79,75.41,0,466,65.94,190.39,nao,CoAP,corporativa,sensor,1
34.0,28.68,1.93,183.02,2,164,38.65,257.6,nao,MQTT,iot_isolada,sensor,1
33.89,82.71,2.23,147.76,3,169,47.78,485.79,sim,HTTP,visitantes,gateway,0
31.88,72.15,3.99,52.3,1,301,41.29,237.81,sim,HTTP,corporativa,sensor,0
44.29,57.34,4.3,90.43,0,517,61.27,310.67,nao,MQTT,iot_isolada,atuador,1
26.56,27.76,5.4,49.03,3,126,74.97,1439.89,sim,HTTP,iot_isolada,gateway,0
13.98,55.79,4.83,120.16,2,237,81.43,153.02,sim,MQTT,iot_isolada,atuador,0
39.23,31.81,9.42,58.9,0,214,35.72,189.22,sim,MQTT,visitantes,atuador,0
24.8,78.32,4.04,43.94,1,206,92.51,480.42,sim,MQTT,iot_isolada,gateway,0
28.76,66.57,1.3,77.16,1,338,45.12,596.83,sim,CoAP,corporativa,camera,0
37.17,53.72,4.18,140.43,3,104,80.04,399.56,nao,HTTP,iot_isolada,atuador,1
16.78,8.15,9.94,126.32,3,141,36.26,1060.27,sim,MQTT,iot_isolada,sensor,1
19.24,34.3,5.16,45.95,0,40,64.93,373.24,nao,CoAP,corporativa,sensor,0
16.79,64.38,0.28,172.86,3,284,81.5,74.94,sim,MQTT,iot_isolada,camera,0
22.44,73.83,3.78,31.35,5,199,63.03,319.86,nao,MQTT,iot_isolada,sensor,1
31.08,71.97,6.62,39.84,1,508,86.09,200.4,sim,CoAP,corporativa,gateway,1
31.67,23.34,6.89,116.84,1,68,18.93,787.35,sim,HTTP,iot_isolada,atuador,0
29.93,57.43,9.26,9.21,1,657,39.19,587.12,sim,CoAP,corporativa,gateway,1
18.11,70.28,6.72,65.81,0,319,49.83,98.22,sim,HTTP,iot_isolada,sensor,0
11.83,22.15,0.16,52.13,0,309,83.54,769.1,sim,MQTT,iot_isolada,sensor,0
28.38,51.86,6.97,179.31,4,116,64.31,576.84,sim,CoAP,corporativa,sensor,1
24.7,56.93,1.05,26.67,1,153,39.28,238.14,sim,MQTT,iot_isolada,sensor,0
31.22,46.59,0.93,29.33,3,133,37.7,282.9,sim,HTTP,visitantes,camera,0
32.91,18.66,12.09,195.08,0,447,93.41,791.97,sim,MQTT,iot_isolada,gateway,1
28.97,46.14,8.26,52.59,1,33,51.78,75.18,sim,MQTT,iot_isolada,gateway,1
33.32,46.11,0.6,136.9,2,172,42.99,408.21,sim,HTTP,visitantes,camera,0
29.6,49.33,2.33,46.36,0,183,17.71,642.51,sim,MQTT,corporativa,sensor,0
31.71,41.86,6.75,38.55,1,129,55.16,280.87,sim,CoAP,corporativa,sensor,0
23.07,44.03,5.55,141.32,3,85,46.37,470.38,sim,HTTP,corporativa,camera,1
26.74,51.29,5.13,225.28,1,16,65.41,321.25,sim,MQTT,iot_isolada,sensor,1
29.38,59.96,2.88,148.36,3,174,61.66,172.63,sim,CoAP,corporativa,sensor,0
33.74,46.52,8.1,44.09,0,283,38.09,169.64,sim,HTTP,iot_isolada,gateway,0
25.24,44.63,9.12,63.74,2,199,92.83,491.94,nao,CoAP,iot_isolada,sensor,0
31.65,53.66,14.01,30.47,2,85,55.6,191.52,nao,MQTT,corporativa,sensor,0
26.14,17.42,1.57,34.98,0,185,64.47,102.8,sim,HTTP,corporativa,camera,1
27.18,60.59,4.01,33.53,2,512,59.23,325.6,sim,CoAP,corporativa,sensor,0
33.81,51.99,6.42,47.23,0,108,21.2,208.69,sim,HTTP,iot_isolada,gateway,0
14.05,52.71,6.56,71.28,1,221,20.65,129.1,sim,CoAP,corporativa,sensor,0
18.92,69.29,4.04,65.64,1,245,73.67,314.26,sim,MQTT,corporativa,atuador,0
17.62,16.85,2.42,105.93,0,53,46.66,511.37,sim,HTTP,corporativa,camera,0
11.66,16.47,4.68,73.94,0,148,36.51,303.11,sim,MQTT,iot_isolada,sensor,0
23.25,56.93,3.3,99.29,3,149,63.7,141.69,nao,HTTP,corporativa,sensor,1
33.25,51.87,16.76,109.97,4,193,67.44,418.75,sim,HTTP,iot_isolada,atuador,0
26.01,55.06,5.53,44.7,3,437,64.06,616.84,sim,HTTP,iot_isolada,camera,1
29.38,43.68,2.19,58.01,2,65,76.81,1406.87,nao,MQTT,iot_isolada,gateway,1
35.62,63.96,4.64,374.01,0,456,38.52,819.99,sim,MQTT,corporativa,atuador,1
37.29,68.79,1.7,41.86,1,299,39.93,147.86,sim,MQTT,iot_isolada,sensor,0
27.52,60.71,7.8,103.11,3,669,49.77,544.93,nao,MQTT,corporativa,camera,1
37.48,47.31,6.24,21.69,1,23,43.34,357.65,sim,MQTT,iot_isolada,gateway,0
28.64,14.06,6.72,112.07,0,916,17.41,133.42,sim,CoAP,iot_isolada,atuador,0
22.14,65.85,1.76,36.57,1,50,9.88,364.55,sim,MQTT,iot_isolada,sensor,0
23.84,73.99,2.68,67.35,0,91,79.08,1144.9,sim,HTTP,corporativa,atuador,1
17.64,63.6,2.34,18.42,2,91,63.51,690.29,sim,MQTT,iot_isolada,camera,1
21.78,36.17,2.09,62.56,3,289,43.26,147.02,nao,MQTT,iot_isolada,atuador,0
25.49,64.13,5.17,63.5,0,158,79.55,301.75,sim,CoAP,corporativa,sensor,0
33.63,67.49,1.36,56.41,0,104,39.24,421.65,nao,MQTT,iot_isolada,camera,0
40.05,80.06,5.14,88.28,1,589,62.81,89.04,sim,CoAP,corporativa,sensor,1
18.32,36.23,9.07,133.6,2,18,59.07,91.21,nao,CoAP,visitantes,atuador,1
30.75,47.92,0.4,29.21,1,381,41.79,333.03,sim,CoAP,iot_isolada,sensor,0
20.72,65.45,5.74,57.44,0,180,58.86,336.09,sim,CoAP,corporativa,gateway,1
31.32,53.03,1.22,19.71,1,102,84.87,82.5,nao,HTTP,corporativa,sensor,0
27.08,31.89,10.2,11.86,1,113,21.52,392.13,nao,HTTP,corporativa,sensor,1
15.18,59.46,0.71,73.27,1,145,19.7,639.62,sim,MQTT,iot_isolada,sensor,1
34.5,62.42,4.73,27.29,1,93,24.94,256.52,sim,MQTT,corporativa,gateway,0
23.76,53.58,7.68,65.19,1,340,61.95,311.65,sim,HTTP,corporativa,sensor,0
24.26,55.95,5.18,75.36,0,135,37.45,445.85,sim,MQTT,iot_isolada,atuador,1
20.51,47.34,3.82,14.18,1,306,83.72,406.39,sim,CoAP,corporativa,gateway,0
23.42,78.61,1.39,83.51,1,115,67.76,92.94,sim,CoAP,corporativa,atuador,0
31.0,35.79,4.8,129.43,2,218,73.09,158.6,sim,MQTT,iot_isolada,gateway,0
26.68,41.43,6.64,96.85,2,218,47.24,226.54,sim,MQTT,iot_isolada,camera,0
30.3,52.2,16.93,29.82,1,191,62.45,163.6,nao,HTTP,iot_isolada,camera,1
30.53,67.82,9.43,62.23,1,465,60.09,834.54,sim,MQTT,corporativa,sensor,0
37.24,25.05,3.85,67.36,2,498,82.37,465.98,nao,MQTT,iot_isolada,camera,1
25.6,28.41,11.6,58.26,0,327,72.26,137.44,sim,HTTP,iot_isolada,atuador,1
17.66,15.32,3.4,20.69,1,403,51.82,257.23,sim,HTTP,iot_isolada,sensor,1
35.47,52.59,5.69,33.97,1,315,89.29,659.36,sim,CoAP,visitantes,sensor,0
25.68,31.87,11.17,54.49,2,128,16.23,190.12,sim,MQTT,corporativa,camera,0
35.8,45.08,2.5,74.62,0,169,87.17,542.46,sim,MQTT,iot_isolada,atuador,0
30.68,63.9,3.2,41.64,1,23,56.11,787.0,nao,HTTP,visitantes,sensor,0
27.08,40.45,7.57,10.45,1,79,21.42,700.15,sim,MQTT,corporativa,atuador,0
30.44,56.16,13.05,43.7,2,51,44.37,339.1,sim,HTTP,visitantes,sensor,1
41.66,46.61,6.52,182.85,1,101,71.21,717.46,sim,HTTP,iot_isolada,camera,1
42.54,64.1,11.52,83.91,1,232,37.28,207.36,sim,MQTT,corporativa,atuador,1
28.49,60.55,15.8,73.12,4,124,62.35,1702.95,sim,CoAP,corporativa,sensor,0
29.12,39.55,15.27,33.55,1,351,30.76,353.75,sim,HTTP,corporativa,camera,1
35.53,48.96,7.12,45.3,1,82,36.07,666.98,sim,HTTP,visitantes,atuador,1
22.08,70.79,7.36,9.6,2,296,69.02,231.97,sim,CoAP,visitantes,sensor,1
30.33,59.08,10.61,31.67,0,76,51.1,423.94,sim,MQTT,iot_isolada,sensor,0
27.82,26.85,1.13,81.01,0,443,30.24,437.21,sim,CoAP,corporativa,atuador,0
30.2,63.8,1.88,73.51,3,82,41.46,155.99,nao,CoAP,iot_isolada,camera,1
22.17,32.48,3.27,38.56,0,265,80.21,152.79,sim,CoAP,iot_isolada,atuador,0
16.87,77.43,5.97,58.22,1,104,69.07,259.01,sim,MQTT,corporativa,atuador,1
13.49,70.43,2.41,65.67,4,549,61.78,647.9,nao,HTTP,corporativa,camera,1
20.18,57.22,10.01,40.25,3,534,73.39,82.93,sim,CoAP,corporativa,camera,0
24.79,54.83,4.22,87.27,2,258,71.82,231.83,sim,MQTT,corporativa,camera,0
25.95,48.24,2.04,72.56,2,255,36.94,747.63,sim,MQTT,iot_isolada,sensor,0
41.56,64.21,1.81,46.59,0,333,73.57,126.15,sim,MQTT,corporativa,camera,0
35.74,45.33,9.93,22.01,3,292,59.47,718.91,sim,MQTT,corporativa,atuador,1
21.27,56.24,3.57,44.02,2,365,85.84,135.71,sim,MQTT,corporativa,atuador,0
30.43,67.69,5.08,41.74,0,80,83.16,157.34,sim,CoAP,iot_isolada,atuador,0
25.15,41.89,1.08,38.49,1,191,49.12,269.6,nao,MQTT,iot_isolada,atuador,0
26.01,40.91,3.25,14.8,2,111,11.77,1109.23,sim,MQTT,corporativa,sensor,1
29.3,30.5,1.22,152.34,2,528,57.2,190.95,sim,MQTT,visitantes,camera,1
32.33,32.84,8.77,147.56,4,60,42.43,88.85,nao,MQTT,iot_isolada,sensor,1
25.63,19.09,3.35,56.68,1,592,67.51,112.02,sim,MQTT,corporativa,camera,1
35.45,65.14,7.53,74.37,1,194,29.06,573.85,sim,MQTT,corporativa,atuador,0
20.01,84.56,0.35,86.23,1,369,75.3,115.78,sim,CoAP,visitantes,atuador,0
28.04,77.66,8.05,57.35,2,123,85.17,686.48,sim,MQTT,iot_isolada,atuador,0
46.18,22.73,4.6,78.1,1,55,47.31,313.83,sim,CoAP,corporativa,sensor,0
29.56,65.05,2.05,94.7,2,514,86.17,292.19,sim,MQTT,iot_isolada,camera,1
38.03,77.6,13.84,70.67,2,276,55.45,368.01,nao,MQTT,corporativa,sensor,1
28.64,43.78,4.11,106.08,1,65,91.73,170.61,sim,MQTT,iot_isolada,camera,1
32.07,53.83,3.16,37.46,1,175,60.23,329.15,nao,MQTT,iot_isolada,sensor,0
27.6,15.86,2.11,62.18,1,164,79.08,129.65,sim,CoAP,iot_isolada,atuador,1
26.81,56.8,4.29,295.39,1,269,63.55,768.33,sim,HTTP,iot_isolada,camera,1
22.54,32.86,8.67,122.72,1,80,67.12,145.6,sim,CoAP,iot_isolada,gateway,0
31.01,55.59,4.5,71.81,1,64,56.57,406.35,sim,MQTT,corporativa,atuador,0
22.04,23.9,10.48,29.27,1,212,65.32,144.85,sim,MQTT,visitantes,sensor,0
32.66,61.77,7.21,64.5,2,85,93.79,205.77,sim,HTTP,corporativa,camera,1
35.6,70.44,12.19,117.38,2,525,37.23,230.05,sim,MQTT,corporativa,atuador,1
30.57,37.9,1.6,101.86,1,345,30.75,2408.94,sim,MQTT,visitantes,atuador,0
26.0,31.54,4.09,11.42,1,338,93.35,295.86,sim,MQTT,visitantes,sensor,1
31.18,13.19,2.97,15.37,3,22,63.84,168.16,sim,HTTP,iot_isolada,gateway,1
25.84,47.2,3.18,16.09,1,127,61.64,218.94,sim,HTTP,iot_isolada,sensor,0
34.55,41.53,5.98,87.18,1,150,7.18,104.24,nao,MQTT,corporativa,sensor,0
15.18,24.08,1.09,16.3,0,73,44.39,266.68,sim,MQTT,iot_isolada,sensor,0
25.65,60.15,9.21,28.19,0,293,74.06,1091.99,sim,HTTP,corporativa,camera,0
14.06,43.9,0.73,55.83,1,265,26.24,378.13,sim,MQTT,corporativa,sensor,0
17.53,32.64,17.66,130.33,2,328,90.06,562.49,sim,MQTT,iot_isolada,gateway,0
37.55,42.02,5.7,90.03,0,397,41.36,158.07,nao,MQTT,visitantes,sensor,1
34.27,71.28,9.22,50.96,0,384,49.46,259.22,nao,MQTT,visitantes,sensor,1
22.96,62.85,6.27,108.09,0,967,10.52,344.72,sim,MQTT,visitantes,gateway,1
17.48,49.66,1.68,217.15,2,187,37.38,179.88,nao,CoAP,iot_isolada,sensor,1
7.25,63.14,2.69,64.92,0,162,41.46,395.44,sim,CoAP,corporativa,sensor,0
24.2,31.1,4.32,20.84,1,290,18.93,459.8,nao,CoAP,corporativa,sensor,1
44.94,52.58,11.52,29.05,2,447,54.44,437.03,nao,MQTT,iot_isolada,sensor,1
31.04,54.65,1.93,28.81,3,39,39.8,268.87,sim,MQTT,corporativa,camera,1
24.08,43.54,8.85,34.59,2,96,46.86,641.39,nao,HTTP,iot_isolada,atuador,1
31.26,59.84,14.35,48.29,3,117,69.05,249.55,sim,MQTT,corporativa,gateway,0
17.07,37.95,2.75,76.16,1,202,71.31,234.12,sim,MQTT,visitantes,sensor,0
25.92,61.18,0.19,17.97,0,128,73.1,819.81,sim,MQTT,corporativa,sensor,0
28.7,61.93,8.74,21.29,1,402,64.07,137.71,sim,MQTT,corporativa,atuador,0
27.4,5.0,3.39,94.13,1,224,75.03,90.73,sim,MQTT,iot_isolada,sensor,1
33.54,73.43,2.56,41.89,2,173,22.29,162.8,sim,MQTT,iot_isolada,sensor,0
30.41,5.0,14.61,31.47,1,267,77.06,391.92,sim,CoAP,corporativa,sensor,1
32.68,40.91,1.03,52.53,2,27,37.14,734.0,sim,MQTT,iot_isolada,gateway,0
23.18,70.46,0.54,145.22,1,257,78.44,188.22,sim,HTTP,iot_isolada,gateway,0
34.28,46.29,2.71,102.98,0,87,33.75,1064.63,sim,CoAP,corporativa,sensor,0
39.4,25.61,18.45,98.29,1,353,93.9,304.61,sim,MQTT,iot_isolada,sensor,1
21.21,32.31,1.51,178.41,0,33,48.13,275.65,sim,HTTP,visitantes,gateway,0
21.79,70.48,7.47,78.7,3,280,76.37,164.85,sim,HTTP,corporativa,sensor,1
37.35,17.41,3.51,188.88,1,89,47.89,1171.39,sim,MQTT,iot_isolada,camera,1
26.66,72.32,5.98,198.56,0,454,31.31,269.02,sim,CoAP,corporativa,atuador,1
37.83,51.01,3.36,18.52,3,42,51.23,117.64,sim,CoAP,iot_isolada,sensor,1
24.9,30.54,2.0,13.92,2,196,31.87,1669.65,sim,CoAP,visitantes,sensor,0
38.19,41.5,6.54,27.2,1,317,31.64,393.69,sim,MQTT,corporativa,gateway,0
28.92,33.69,2.57,135.96,0,246,51.05,522.79,sim,MQTT,iot_isolada,gateway,0
29.81,67.59,9.14,53.33,2,245,86.37,969.8,sim,MQTT,iot_isolada,camera,0
38.95,65.18,1.95,48.47,2,59,28.8,459.49,nao,MQTT,corporativa,sensor,1
25.47,21.06,15.41,110.04,2,55,80.7,591.36,sim,MQTT,iot_isolada,sensor,1
21.41,44.74,6.34,40.23,1,238,78.4,310.45,sim,HTTP,visitantes,camera,0
24.86,36.46,8.39,71.75,2,211,85.38,499.5,sim,MQTT,visitantes,sensor,0
31.17,75.28,6.72,94.1,1,76,76.61,291.81,sim,MQTT,iot_isolada,sensor,0
17.04,27.7,4.65,29.38,2,72,27.1,294.67,sim,MQTT,corporativa,sensor,0
32.46,80.88,3.04,23.87,2,175,5.66,324.99,sim,MQTT,corporativa,camera,0
24.23,51.4,6.77,64.65,0,139,84.12,226.38,sim,HTTP,corporativa,sensor,0
36.03,31.09,3.89,70.71,0,653,24.45,425.41,sim,HTTP,iot_isolada,camera,1
11.24,39.81,10.81,104.41,1,472,74.32,424.66,sim,MQTT,corporativa,camera,0
22.49,37.57,9.71,26.61,0,344,22.73,530.19,sim,MQTT,iot_isolada,atuador,0
16.19,29.06,9.28,35.47,1,512,30.61,467.65,nao,MQTT,iot_isolada,camera,0
22.22,53.71,8.63,197.3,1,109,26.89,1212.0,sim,HTTP,corporativa,gateway,1
29.73,29.9,6.86,120.91,1,124,21.96,624.43,sim,MQTT,visitantes,sensor,1
26.75,12.75,3.6,57.11,1,426,37.04,258.51,sim,MQTT,corporativa,gateway,0
26.23,45.17,2.94,133.82,2,195,34.18,410.41,sim,MQTT,corporativa,camera,0
26.89,19.55,2.96,26.69,2,205,62.06,803.43,sim,MQTT,iot_isolada,atuador,1
29.42,38.46,8.15,52.31,1,67,77.7,153.7,sim,MQTT,corporativa,atuador,0
20.94,35.64,0.96,70.28,3,412,35.45,1224.11,sim,HTTP,corporativa,sensor,0
32.95,36.32,7.16,47.9,1,290,77.4,173.77,sim,MQTT,visitantes,atuador,0
32.64,88.02,0.89,49.21,1,152,73.92,561.26,sim,MQTT,visitantes,gateway,0
30.7,53.02,7.02,100.91,0,125,31.37,300.25,nao,MQTT,iot_isolada,gateway,0
31.9,56.42,5.22,122.03,2,459,39.47,288.4,sim,MQTT,corporativa,camera,0
30.07,20.02,2.22,44.07,3,111,76.38,120.06,sim,HTTP,corporativa,sensor,0
42.25,40.23,1.63,19.5,0,48,87.4,564.11,nao,CoAP,corporativa,atuador,0
27.39,55.88,0.93,15.85,0,477,72.14,121.29,sim,HTTP,corporativa,sensor,0
25.85,33.56,3.79,8.54,1,484,15.58,108.86,sim,HTTP,visitantes,camera,1
22.73,68.35,6.23,176.49,3,110,35.22,673.03,sim,CoAP,corporativa,sensor,1
20.77,30.35,4.52,101.19,2,739,93.49,1046.0,nao,CoAP,iot_isolada,sensor,0
19.29,46.85,7.66,86.62,1,179,26.65,187.34,sim,CoAP,corporativa,gateway,0
21.78,41.45,8.19,39.68,3,111,93.0,603.16,sim,CoAP,iot_isolada,gateway,0
27.51,54.96,1.12,39.5,1,283,49.89,521.95,nao,CoAP,corporativa,atuador,1
30.34,40.47,1.92,124.68,1,58,66.7,280.32,sim,CoAP,corporativa,gateway,0
28.36,47.12,0.29,13.99,4,84,92.08,761.33,sim,MQTT,corporativa,gateway,1
22.64,47.75,1.66,45.56,1,239,69.14,266.52,sim,CoAP,visitantes,atuador,0
34.3,38.78,4.6,136.66,1,208,22.4,429.35,nao,MQTT,iot_isolada,camera,1
33.18,60.73,5.16,45.5,0,368,40.72,124.26,sim,CoAP,iot_isolada,gateway,0
26.88,56.29,6.86,97.71,0,66,65.18,128.03,sim,CoAP,corporativa,atuador,0
23.43,50.4,1.91,58.82,1,656,89.29,677.45,sim,CoAP,iot_isolada,gateway,0
31.84,44.25,0.28,5.0,2,137,30.63,439.59,nao,CoAP,iot_isolada,gateway,1
29.32,66.34,1.69,57.0,2,203,88.44,270.5,sim,HTTP,iot_isolada,camera,1
17.86,47.75,9.02,65.6,1,131,36.5,1136.25,sim,HTTP,iot_isolada,camera,1
27.52,46.48,10.8,53.75,0,57,53.15,1127.91,sim,MQTT,visitantes,camera,1
29.83,53.88,4.03,22.85,1,186,55.19,406.43,sim,MQTT,visitantes,gateway,1
21.7,82.54,2.94,54.21,1,314,67.68,107.88,sim,MQTT,visitantes,camera,0
29.33,27.87,8.84,9.19,3,165,64.57,276.41,sim,MQTT,iot_isolada,sensor,1
17.82,65.86,4.92,45.13,0,93,8.41,166.87,sim,MQTT,corporativa,sensor,0
37.35,17.92,2.45,103.07,2,377,53.66,318.19,sim,HTTP,corporativa,camera,0
36.74,55.91,9.01,170.24,0,387,66.61,155.18,sim,HTTP,corporativa,sensor,1
26.23,80.35,9.01,152.23,3,158,71.8,129.37,sim,MQTT,corporativa,sensor,1
30.54,60.8,3.94,26.08,0,250,29.46,61.32,sim,HTTP,corporativa,sensor,0
11.13,55.07,9.92,16.56,0,375,42.63,335.99,sim,MQTT,iot_isolada,sensor,1
19.91,41.91,2.24,70.3,2,311,43.66,59.79,sim,HTTP,iot_isolada,atuador,1
25.94,52.56,4.13,62.53,1,245,70.34,238.85,sim,MQTT,iot_isolada,camera,0
20.5,47.46,6.07,92.84,0,302,58.3,485.94,sim,CoAP,visitantes,gateway,1
33.0,37.85,1.81,37.05,1,263,91.47,180.28,sim,MQTT,corporativa,sensor,0
41.98,46.78,2.48,63.94,0,194,79.17,139.86,sim,MQTT,corporativa,sensor,0
19.76,55.57,2.89,61.45,2,65,13.3,285.01,nao,MQTT,iot_isolada,sensor,1
22.14,38.19,5.45,46.36,1,81,22.38,167.33,sim,CoAP,iot_isolada,sensor,1
29.65,37.49,11.7,12.97,1,272,28.22,340.35,sim,HTTP,iot_isolada,sensor,1
39.28,27.52,11.78,102.05,0,130,73.0,145.04,sim,CoAP,visitantes,camera,0
19.44,59.03,8.86,70.65,1,265,67.87,277.79,sim,HTTP,corporativa,sensor,1
29.74,61.82,2.64,106.91,3,63,50.19,234.51,nao,MQTT,iot_isolada,gateway,1
40.75,56.17,14.7,124.61,0,101,71.64,296.47,sim,HTTP,visitantes,camera,1
16.44,69.37,0.27,57.55,3,165,57.95,938.8,sim,HTTP,iot_isolada,sensor,0
19.03,53.58,8.64,102.49,1,17,71.0,343.73,nao,MQTT,iot_isolada,atuador,0
25.03,59.06,8.82,172.84,2,89,72.22,425.43,nao,MQTT,corporativa,camera,1
24.36,57.47,0.67,209.51,2,112,41.5,192.99,sim,MQTT,corporativa,sensor,0
33.69,50.35,3.9,76.9,0,220,70.58,349.42,nao,MQTT,corporativa,camera,0
29.69,42.45,5.51,81.2,3,157,54.13,246.57,sim,MQTT,iot_isolada,gateway,0
15.58,91.85,1.33,75.98,3,229,82.24,305.14,sim,CoAP,iot_isolada,camera,0
31.61,43.86,5.33,90.59,0,200,29.12,470.72,sim,HTTP,visitantes,atuador,0
23.96,40.01,1.44,121.02,1,152,69.77,210.57,nao,MQTT,iot_isolada,sensor,0
36.92,59.81,4.56,74.85,2,113,34.71,226.19,sim,HTTP,corporativa,sensor,1
23.61,56.53,5.3,201.76,3,205,32.47,212.62,sim,HTTP,iot_isolada,atuador,1
23.54,26.71,0.82,183.56,3,448,42.88,209.77,nao,CoAP,corporativa,camera,1
31.79,72.21,4.0,65.47,0,113,28.08,337.4,sim,HTTP,iot_isolada,atuador,0
33.34,50.3,8.42,65.18,1,639,55.87,231.65,sim,HTTP,corporativa,gateway,1
31.14,32.0,0.27,43.66,1,208,32.13,852.84,sim,MQTT,iot_isolada,camera,0
16.2,73.4,6.69,94.0,0,355,46.23,1949.67,sim,HTTP,visitantes,camera,1
31.77,63.26,6.13,49.57,2,253,74.1,200.83,sim,MQTT,corporativa,sensor,1
20.76,29.24,14.66,42.06,3,280,42.04,367.16,nao,MQTT,iot_isolada,sensor,1
29.65,83.99,6.29,92.58,1,89,32.52,618.07,nao,MQTT,iot_isolada,sensor,1
18.03,63.86,1.83,24.81,2,129,21.48,248.14,sim,CoAP,corporativa,sensor,0
31.12,51.82,5.54,122.43,2,38,32.71,149.0,sim,HTTP,corporativa,gateway,1
22.35,80.62,6.07,95.17,1,162,53.42,1009.01,sim,MQTT,iot_isolada,gateway,0
19.02,54.87,10.24,177.38,1,299,19.89,483.14,sim,CoAP,corporativa,atuador,0
33.0,51.49,10.33,77.89,1,163,83.08,373.56,sim,MQTT,corporativa,sensor,0
29.69,40.11,5.84,105.43,1,369,90.04,824.99,sim,HTTP,iot_isolada,camera,1
23.7,62.47,3.0,114.89,0,140,33.4,512.43,sim,MQTT,iot_isolada,sensor,0
38.16,60.58,6.05,144.36,2,107,57.91,289.01,sim,CoAP,corporativa,camera,1
24.92,52.26,3.28,71.84,1,125,34.17,150.86,nao,CoAP,visitantes,sensor,0
28.22,37.78,5.84,43.4,2,320,59.3,211.59,sim,MQTT,visitantes,camera,0
29.88,54.34,1.12,79.18,3,548,63.19,694.63,sim,HTTP,visitantes,gateway,0
23.66,50.74,7.76,122.34,2,682,33.49,481.77,sim,HTTP,iot_isolada,sensor,1
31.3,28.0,7.52,133.27,0,296,37.35,262.26,sim,MQTT,corporativa,gateway,0
24.27,25.51,5.78,13.1,1,357,70.46,1029.26,sim,CoAP,corporativa,sensor,1
25.12,62.17,1.87,325.1,3,48,95.35,267.72,sim,HTTP,visitantes,sensor,1
37.54,5.17,1.61,42.24,0,62,47.81,596.61,sim,MQTT,visitantes,atuador,0
20.72,55.7,10.99,106.67,2,92,34.29,348.64,sim,MQTT,iot_isolada,sensor,0
11.11,43.39,13.55,155.15,1,466,86.99,1156.4,sim,CoAP,iot_isolada,sensor,1
39.28,75.55,6.65,61.09,0,462,69.16,506.3,sim,CoAP,corporativa,atuador,0
45.85,43.12,13.57,136.77,2,784,48.96,308.68,sim,CoAP,iot_isolada,sensor,1
25.16,63.87,9.05,12.98,2,90,20.15,263.71,sim,CoAP,corporativa,sensor,1
14.44,44.86,2.61,140.11,1,177,45.78,295.67,nao,CoAP,iot_isolada,camera,0
25.83,54.05,6.04,128.93,1,37,59.35,179.87,sim,MQTT,iot_isolada,gateway,1
26.0,65.26,4.22,86.28,1,53,73.08,114.81,sim,MQTT,iot_isolada,camera,0
26.67,43.67,7.29,122.6,3,151,45.57,370.97,sim,MQTT,iot_isolada,camera,0
20.21,69.94,5.15,186.81,2,94,58.09,205.72,sim,MQTT,iot_isolada,atuador,1
32.06,34.11,6.41,158.36,3,95,62.83,205.34,sim,HTTP,corporativa,sensor,1
31.67,57.3,7.87,63.79,2,117,18.51,280.85,sim,HTTP,corporativa,camera,1
17.54,68.61,2.99,78.64,2,503,75.05,310.0,sim,MQTT,corporativa,atuador,0
32.89,63.88,4.6,55.93,2,405,37.83,300.41,sim,CoAP,corporativa,sensor,1
42.37,86.5,5.69,50.58,0,80,30.02,1009.09,sim,MQTT,corporativa,atuador,1
29.2,38.26,9.16,114.43,0,397,49.85,475.17,sim,MQTT,corporativa,atuador,1
25.64,27.18,11.79,55.47,2,101,52.68,1306.98,sim,HTTP,iot_isolada,atuador,1
27.01,34.1,1.95,114.25,0,47,64.88,219.8,sim,MQTT,iot_isolada,sensor,0
32.31,63.89,2.58,61.04,2,113,54.79,517.29,sim,HTTP,iot_isolada,camera,0
15.89,60.96,2.19,67.85,0,236,50.73,228.52,sim,MQTT,iot_isolada,atuador,0
29.15,53.84,10.28,33.39,0,88,78.66,201.79,sim,MQTT,corporativa,sensor,0
25.27,31.79,5.99,112.25,0,293,78.62,1341.95,sim,CoAP,corporativa,camera,0
40.93,65.8,2.32,12.16,1,120,37.02,174.56,sim,HTTP,corporativa,sensor,0
26.78,29.96,5.37,143.61,0,249,25.29,62.66,sim,CoAP,corporativa,sensor,0
39.68,72.86,0.56,252.8,1,79,71.75,182.08,sim,HTTP,iot_isolada,atuador,0
20.27,100.0,0.99,69.58,1,191,30.38,73.27,sim,HTTP,visitantes,atuador,0
32.11,58.6,1.05,67.34,0,91,24.59,153.56,sim,CoAP,corporativa,sensor,0
30.24,62.5,9.15,16.86,0,155,50.51,163.85,sim,MQTT,iot_isolada,sensor,0
21.92,43.13,9.11,44.39,3,645,82.85,306.34,sim,MQTT,corporativa,camera,1
29.24,19.42,2.77,123.49,3,134,53.23,71.19,sim,CoAP,corporativa,sensor,1
36.49,41.15,3.19,135.36,4,61,44.44,690.33,sim,CoAP,visitantes,camera,1
25.73,32.33,1.76,76.11,1,200,87.45,80.4,sim,MQTT,iot_isolada,gateway,0
16.16,25.95,1.2,118.63,0,203,73.14,273.3,sim,MQTT,iot_isolada,sensor,0
27.88,83.0,2.23,33.96,1,202,52.7,238.2,sim,MQTT,visitantes,gateway,0
21.68,56.91,5.9,89.01,1,281,36.1,532.59,sim,MQTT,iot_isolada,sensor,0
25.6,58.83,5.56,168.22,0,129,20.56,382.25,sim,MQTT,corporativa,sensor,1
27.43,46.44,0.44,101.27,0,301,56.75,685.95,sim,HTTP,iot_isolada,atuador,1
16.06,48.89,2.31,184.94,1,185,31.17,232.06,sim,HTTP,iot_isolada,sensor,1
16.69,69.36,4.62,188.62,1,58,51.19,215.87,sim,HTTP,iot_isolada,sensor,0
31.37,51.42,6.13,93.04,3,331,65.75,399.0,nao,CoAP,iot_isolada,camera,1
24.34,61.55,2.2,5.0,0,215,50.11,614.27,sim,MQTT,iot_isolada,sensor,0
10.05,48.47,7.22,133.48,2,289,88.14,532.48,sim,CoAP,corporativa,camera,1
33.49,45.84,3.08,22.64,2,64,56.23,374.38,sim,HTTP,iot_isolada,atuador,0
29.91,26.68,7.46,5.0,1,345,82.47,351.73,sim,CoAP,corporativa,sensor,0
23.0,16.4,6.98,10.32,0,759,66.2,291.37,nao,MQTT,corporativa,sensor,1
18.78,47.29,3.67,139.78,3,60,78.66,398.2,nao,CoAP,iot_isolada,sensor,0
33.85,53.02,16.5,93.56,2,379,46.37,1241.97,sim,MQTT,iot_isolada,gateway,0
30.45,28.85,3.98,77.6,1,216,83.67,252.19,sim,MQTT,visitantes,sensor,0
44.68,51.38,9.36,99.85,2,187,81.89,231.56,sim,MQTT,iot_isolada,atuador,1
30.94,52.97,8.78,11.08,0,347,89.5,219.48,sim,MQTT,iot_isolada,sensor,1
30.71,13.19,1.45,55.74,3,321,73.24,392.51,sim,HTTP,corporativa,gateway,1
26.83,35.53,2.75,38.94,2,445,32.32,67.68,nao,MQTT,iot_isolada,atuador,1
33.72,59.33,10.0,73.32,1,67,69.49,271.91,sim,MQTT,corporativa,gateway,0
32.38,58.97,3.15,75.23,0,456,35.5,553.61,nao,HTTP,iot_isolada,gateway,0
36.76,31.23,6.66,96.93,2,247,32.15,206.78,sim,HTTP,iot_isolada,sensor,1
24.35,54.85,2.24,107.23,0,39,77.77,340.59,sim,CoAP,corporativa,sensor,0
24.95,70.4,6.9,11.72,2,135,50.35,1308.37,nao,MQTT,visitantes,sensor,1
24.65,65.99,2.38,56.33,2,219,36.55,376.95,sim,MQTT,iot_isolada,sensor,0
33.54,50.28,7.93,66.3,1,133,18.95,62.34,sim,CoAP,iot_isolada,camera,0
38.49,43.58,6.66,22.04,1,169,59.32,111.39,sim,HTTP,iot_isolada,gateway,0
24.79,40.67,7.22,19.9,0,118,79.96,250.71,sim,MQTT,iot_isolada,camera,1
25.03,60.42,11.4,10.39,0,1023,11.59,170.26,sim,HTTP,iot_isolada,atuador,1
30.2,55.51,6.5,17.26,0,304,25.24,321.3,sim,CoAP,corporativa,gateway,0
26.28,63.33,3.7,118.15,3,199,46.34,243.18,nao,CoAP,visitantes,sensor,1
34.66,54.37,1.65,14.01,1,78,60.68,676.04,sim,MQTT,iot_isolada,sensor,0
12.24,66.74,8.09,16.63,1,445,52.6,139.22,nao,HTTP,iot_isolada,camera,1
22.21,53.7,10.86,71.12,2,276,34.01,258.46,nao,CoAP,iot_isolada,sensor,1
22.52,66.12,12.83,88.75,2,85,29.93,347.96,sim,MQTT,corporativa,sensor,0
11.76,67.67,8.53,64.77,0,86,49.08,379.48,sim,MQTT,iot_isolada,camera,0
21.25,37.52,1.78,26.28,2,172,66.75,331.21,sim,MQTT,iot_isolada,gateway,0
21.59,19.45,12.94,20.33,1,201,74.18,55.26,sim,MQTT,iot_isolada,sensor,0
26.59,79.78,2.94,69.68,1,299,81.09,316.81,sim,MQTT,corporativa,sensor,0
35.79,56.62,3.68,59.53,0,181,76.8,268.94,sim,MQTT,iot_isolada,sensor,1
26.28,21.14,6.84,48.49,1,317,85.3,547.23,nao,MQTT,visitantes,sensor,0
20.78,39.15,3.55,114.63,1,133,42.67,495.75,nao,CoAP,visitantes,sensor,0
27.6,65.89,7.4,56.6,0,182,48.45,353.75,sim,CoAP,iot_isolada,gateway,0
35.34,46.97,3.58,18.63,2,457,66.04,372.12,sim,CoAP,iot_isolada,camera,0
21.17,42.78,10.3,48.72,1,327,50.24,770.21,sim,MQTT,iot_isolada,sensor,0
21.63,77.22,8.08,95.87,1,190,72.99,668.61,nao,MQTT,corporativa,atuador,0
31.91,33.15,2.3,54.0,2,240,78.02,362.39,sim,CoAP,iot_isolada,camera,0
26.45,37.63,8.45,94.69,3,182,79.02,1341.83,nao,CoAP,iot_isolada,sensor,1
32.53,55.8,4.7,107.97,2,53,56.65,192.53,nao,MQTT,corporativa,atuador,1
27.9,59.03,13.28,56.75,0,564,84.46,130.35,sim,HTTP,iot_isolada,gateway,1
32.91,60.93,4.0,64.54,0,90,55.11,296.61,nao,HTTP,corporativa,camera,1
20.75,68.4,6.86,51.38,1,141,16.15,230.06,sim,HTTP,iot_isolada,sensor,0
27.92,55.57,5.48,96.16,1,910,68.24,53.21,sim,CoAP,iot_isolada,atuador,1
26.53,60.81,1.46,50.13,0,75,84.63,189.3,sim,MQTT,visitantes,sensor,0
19.49,47.33,4.93,89.68,1,174,31.19,380.13,sim,HTTP,corporativa,sensor,1
17.06,53.13,5.7,76.13,0,477,23.54,286.97,sim,HTTP,corporativa,atuador,0
32.8,53.94,4.14,10.24,1,647,56.3,173.55,sim,HTTP,iot_isolada,atuador,1
25.54,55.87,2.71,93.16,2,274,54.83,307.85,sim,HTTP,iot_isolada,camera,0
20.84,65.91,7.15,71.11,0,448,42.5,325.76,sim,HTTP,corporativa,sensor,0
27.33,61.99,2.76,147.41,1,161,48.41,493.02,sim,CoAP,iot_isolada,sensor,1
35.9,52.8,6.18,23.03,0,9,54.05,190.75,sim,MQTT,visitantes,atuador,0
12.03,37.44,6.5,77.03,3,421,22.84,550.98,sim,CoAP,iot_isolada,gateway,1
17.52,53.22,4.66,44.67,0,187,35.55,139.29,sim,CoAP,corporativa,atuador,0
21.54,51.5,9.9,11.63,1,146,10.76,210.11,sim,HTTP,corporativa,sensor,0
38.23,55.48,13.61,7.99,0,136,71.69,981.71,nao,MQTT,iot_isolada,atuador,1
29.98,91.72,6.84,167.24,0,313,39.34,145.95,sim,CoAP,iot_isolada,sensor,1
33.37,42.57,2.89,77.21,0,310,79.51,188.46,nao,HTTP,visitantes,sensor,0
20.02,59.6,9.47,55.3,1,191,71.61,124.32,sim,MQTT,corporativa,atuador,0
20.16,71.23,8.57,15.47,1,264,69.82,167.49,nao,MQTT,iot_isolada,sensor,0
31.13,53.76,7.46,160.77,1,73,69.02,329.26,sim,CoAP,visitantes,camera,1
28.41,94.08,0.8,35.66,3,163,31.29,490.09,sim,MQTT,corporativa,camera,0
31.84,45.2,8.71,79.83,2,77,65.19,294.99,sim,MQTT,visitantes,atuador,0
26.69,57.83,4.47,69.08,1,74,61.11,238.11,sim,CoAP,iot_isolada,sensor,0
29.95,37.62,0.38,211.17,1,246,18.82,125.22,sim,HTTP,iot_isolada,sensor,1
29.11,45.67,0.13,63.38,2,199,39.95,179.65,sim,MQTT,iot_isolada,camera,0
33.44,56.48,2.99,42.43,2,133,21.96,101.27,sim,MQTT,iot_isolada,atuador,1
33.65,67.23,0.37,78.05,1,156,75.7,500.49,sim,MQTT,visitantes,atuador,0
16.66,57.74,6.04,84.16,1,261,50.96,525.45,sim,CoAP,corporativa,sensor,0
12.27,74.66,0.58,307.13,3,317,48.87,290.52,sim,MQTT,iot_isolada,gateway,1
35.01,50.29,4.47,62.58,2,282,87.25,407.08,sim,MQTT,corporativa,sensor,0
36.31,46.02,2.65,22.3,0,37,43.31,551.9,sim,CoAP,corporativa,sensor,0
20.86,100.0,3.01,48.5,1,16,65.92,320.81,sim,HTTP,iot_isolada,sensor,0
14.98,59.1,3.01,77.92,2,98,68.88,792.77,sim,MQTT,iot_isolada,sensor,0
28.69,39.05,3.09,88.29,2,16,40.49,145.96,sim,CoAP,corporativa,sensor,0
34.52,39.5,10.01,14.0,3,520,73.25,234.14,sim,HTTP,corporativa,sensor,1
40.58,35.03,15.85,44.0,0,152,66.92,215.42,sim,MQTT,corporativa,sensor,1
31.61,68.86,11.14,203.23,1,57,65.66,470.16,sim,HTTP,corporativa,atuador,1
25.4,45.44,1.34,29.9,0,151,49.27,109.52,sim,MQTT,corporativa,sensor,0
21.75,54.29,8.43,116.46,0,28,29.1,823.52,sim,MQTT,corporativa,atuador,0
28.08,50.86,10.68,49.81,2,58,65.16,442.85,sim,MQTT,iot_isolada,atuador,0
25.91,65.17,0.84,65.36,3,142,39.12,1017.6,sim,MQTT,corporativa,camera,1
20.89,36.76,2.59,15.94,1,123,90.99,290.5,sim,HTTP,visitantes,gateway,0
42.34,32.64,8.22,53.66,1,141,41.33,203.32,sim,CoAP,corporativa,sensor,1
40.5,56.04,2.15,77.23,1,267,61.93,473.42,sim,HTTP,iot_isolada,sensor,0
35.95,62.82,11.59,63.17,1,374,71.56,614.86,sim,HTTP,corporativa,gateway,1
21.55,57.99,7.27,56.28,2,209,54.56,181.26,sim,MQTT,corporativa,camera,0
33.99,37.43,7.15,96.49,2,388,44.58,73.82,nao,HTTP,iot_isolada,camera,0
32.48,64.19,9.58,20.26,0,126,71.87,83.23,nao,HTTP,corporativa,atuador,1
31.1,38.61,9.72,79.84,1,425,46.0,358.87,sim,MQTT,corporativa,gateway,1
36.75,42.61,1.35,7.21,2,211,71.89,878.43,sim,HTTP,iot_isolada,sensor,0
32.45,35.01,3.0,138.71,2,352,42.98,120.23,sim,HTTP,iot_isolada,sensor,0
33.18,75.42,5.42,57.74,2,128,33.94,246.99,nao,MQTT,corporativa,atuador,0
32.46,63.4,2.99,111.23,4,204,22.09,234.18,sim,MQTT,corporativa,atuador,0
30.39,62.89,7.49,5.0,1,705,58.54,1146.39,sim,MQTT,corporativa,camera,1
15.51,74.45,7.53,100.74,0,203,89.13,1452.57,nao,HTTP,iot_isolada,gateway,0
28.59,100.0,1.58,34.61,1,372,58.21,402.27,sim,CoAP,visitantes,camera,1
24.11,21.23,7.01,65.68,6,404,33.18,560.37,nao,HTTP,corporativa,sensor,1
19.04,38.71,1.88,101.84,2,298,25.06,549.57,sim,HTTP,corporativa,atuador,0
39.77,40.91,2.91,61.25,0,336,30.22,121.97,sim,MQTT,iot_isolada,gateway,0
40.1,36.69,6.14,93.65,1,128,43.51,487.34,nao,HTTP,visitantes,camera,1
37.51,32.6,7.97,50.39,0,95,47.65,146.39,sim,CoAP,corporativa,gateway,0
29.79,46.61,1.97,145.99,2,78,59.34,265.05,sim,CoAP,iot_isolada,camera,0
37.45,30.1,9.65,57.61,4,258,20.1,663.69,sim,MQTT,iot_isolada,sensor,1
28.08,58.03,7.13,58.5,1,199,48.0,316.29,sim,MQTT,corporativa,gateway,0
29.42,52.93,6.73,59.32,0,245,17.26,646.61,sim,MQTT,iot_isolada,sensor,0
20.35,60.66,3.96,64.35,1,66,35.98,742.1,sim,MQTT,iot_isolada,sensor,0
30.78,61.14,6.26,21.23,1,109,38.35,87.37,sim,MQTT,corporativa,sensor,0
28.42,62.85,2.42,29.07,1,364,34.27,65.08,sim,MQTT,corporativa,sensor,1
18.88,45.28,3.88,122.43,1,223,65.85,674.16,sim,CoAP,corporativa,atuador,0
27.64,90.18,10.38,111.19,2,213,40.13,693.45,nao,HTTP,corporativa,sensor,1
27.44,56.22,6.65,106.43,0,162,59.97,357.67,nao,MQTT,iot_isolada,sensor,0
40.58,18.48,6.91,87.84,0,100,16.7,393.29,sim,MQTT,iot_isolada,gateway,0
34.26,33.96,21.24,43.18,5,434,43.88,558.43,nao,CoAP,iot_isolada,atuador,1
28.08,20.67,3.53,39.7,0,484,45.88,551.19,sim,CoAP,iot_isolada,gateway,1
29.74,52.31,7.26,62.36,1,205,32.29,241.55,sim,CoAP,corporativa,atuador,0
28.31,49.81,1.07,135.23,1,175,79.95,583.53,sim,HTTP,corporativa,gateway,1
26.58,43.57,10.03,74.13,1,508,44.92,234.5,nao,MQTT,iot_isolada,gateway,0
20.42,88.2,5.24,27.81,1,111,53.55,354.42,sim,MQTT,corporativa,sensor,0
26.94,61.88,6.15,17.19,2,135,48.61,343.78,sim,HTTP,corporativa,sensor,1
22.78,65.07,0.49,113.54,0,353,54.66,163.76,nao,CoAP,iot_isolada,camera,0
19.25,35.24,3.19,163.62,0,133,27.89,177.67,sim,CoAP,iot_isolada,gateway,0
31.58,34.02,1.98,13.26,0,196,26.81,1427.78,sim,HTTP,corporativa,gateway,0
30.74,52.66,15.83,116.1,0,21,65.79,160.08,sim,MQTT,iot_isolada,gateway,0
15.49,55.11,4.45,86.41,0,492,38.52,387.21,sim,MQTT,corporativa,camera,0
27.14,18.59,2.63,33.63,4,332,96.89,448.48,sim,MQTT,iot_isolada,gateway,1
34.97,48.75,3.94,74.83,5,414,82.0,287.74,sim,HTTP,iot_isolada,sensor,1
35.41,52.25,2.43,23.93,0,88,53.04,478.21,sim,HTTP,iot_isolada,sensor,0
35.18,48.13,0.07,54.34,0,565,48.22,376.26,sim,MQTT,corporativa,camera,0
28.27,37.36,10.6,64.92,1,182,83.38,162.52,nao,MQTT,iot_isolada,sensor,0
22.08,42.29,7.53,145.07,0,439,66.92,435.19,sim,CoAP,corporativa,atuador,1
20.41,48.82,5.16,52.34,0,253,51.03,204.12,sim,MQTT,iot_isolada,sensor,0
30.41,53.63,4.25,36.8,2,343,28.44,1010.77,sim,HTTP,visitantes,sensor,0
30.65,62.89,1.78,81.89,0,268,73.27,403.59,nao,MQTT,corporativa,gateway,0
37.01,71.46,0.49,95.38,1,132,15.74,183.07,nao,HTTP,iot_isolada,sensor,1
35.7,46.7,1.41,35.7,2,43,43.39,379.78,sim,HTTP,corporativa,camera,0
27.07,43.79,9.44,26.87,1,462,91.5,156.43,sim,MQTT,iot_isolada,sensor,1
19.29,59.88,6.41,28.94,3,11,41.15,357.97,sim,CoAP,iot_isolada,sensor,0
25.77,63.0,3.83,145.41,3,370,83.71,255.19,sim,CoAP,iot_isolada,gateway,0
29.52,44.18,3.97,92.54,1,462,72.44,167.53,sim,MQTT,iot_isolada,sensor,0
26.59,66.23,3.94,49.73,0,55,42.56,166.07,sim,MQTT,visitantes,camera,0
23.95,69.63,1.1,129.74,2,138,46.04,1643.29,sim,HTTP,iot_isolada,sensor,1
29.77,75.25,0.8,35.47,5,49,28.38,318.61,sim,CoAP,visitantes,camera,0
24.47,84.01,6.65,60.56,0,116,54.71,220.92,sim,CoAP,corporativa,sensor,1
23.6,36.4,3.54,23.57,0,409,87.49,195.69,sim,MQTT,visitantes,sensor,0
30.18,52.25,3.52,126.04,1,340,65.83,415.64,nao,CoAP,corporativa,gateway,0
25.19,52.2,3.07,33.13,1,309,56.29,191.15,sim,CoAP,corporativa,camera,0
29.71,50.23,2.74,33.76,0,139,47.88,138.9,sim,MQTT,iot_isolada,atuador,0
29.91,40.31,3.07,83.18,0,13,23.28,292.16,sim,MQTT,corporativa,atuador,0
20.02,25.26,10.18,6.39,1,63,66.11,290.62,sim,MQTT,iot_isolada,camera,1
24.63,53.67,1.15,19.04,1,162,57.16,223.2,sim,CoAP,corporativa,sensor,0
38.06,38.17,2.72,104.13,1,77,73.03,160.15,sim,MQTT,iot_isolada,gateway,1
19.87,53.55,16.61,28.56,1,373,32.96,227.31,sim,HTTP,corporativa,camera,1
13.18,37.71,8.42,255.36,0,577,13.08,215.13,nao,MQTT,corporativa,atuador,1
14.97,32.21,4.84,72.07,1,252,42.58,195.22,sim,HTTP,visitantes,camera,0
28.2,56.22,6.06,12.28,1,54,32.77,362.69,sim,MQTT,iot_isolada,sensor,0
28.22,54.72,4.88,168.97,0,473,16.48,1419.93,sim,CoAP,corporativa,atuador,1
27.18,62.43,9.71,72.01,2,213,44.66,759.18,sim,CoAP,iot_isolada,gateway,0
36.5,91.35,2.51,55.4,0,191,17.82,1163.68,sim,CoAP,visitantes,sensor,0
9.29,56.99,2.48,71.82,1,290,85.73,200.86,nao,HTTP,iot_isolada,gateway,1
30.77,60.73,3.49,12.17,3,66,31.05,965.15,sim,MQTT,corporativa,camera,0
38.93,32.6,9.51,62.04,2,141,56.41,350.41,sim,MQTT,visitantes,camera,1
20.11,28.84,1.64,30.35,0,181,68.55,596.13,sim,MQTT,corporativa,atuador,0
25.34,80.49,9.34,59.23,3,236,40.44,411.74,sim,CoAP,corporativa,sensor,0
22.73,35.38,5.56,44.1,3,254,23.88,235.03,sim,HTTP,corporativa,sensor,0
21.74,33.21,3.12,69.17,1,290,70.26,494.55,sim,MQTT,corporativa,sensor,0
25.72,51.3,10.41,49.7,0,119,48.92,419.66,sim,HTTP,visitantes,atuador,0
37.99,50.38,2.5,41.89,1,34,32.94,86.68,sim,MQTT,visitantes,sensor,1
40.86,35.75,10.94,27.52,2,160,21.4,274.0,sim,HTTP,iot_isolada,gateway,0
25.65,46.51,6.15,12.78,2,177,19.43,550.42,sim,MQTT,iot_isolada,gateway,0
41.34,74.13,3.87,10.01,1,32,44.91,362.92,nao,HTTP,iot_isolada,atuador,0
28.25,37.49,18.29,19.68,2,113,63.43,415.15,nao,CoAP,iot_isolada,sensor,1
40.28,26.91,1.45,98.72,1,220,30.68,176.62,sim,HTTP,iot_isolada,sensor,0
27.35,68.97,3.05,26.15,1,129,91.56,357.58,sim,CoAP,visitantes,atuador,0
28.92,60.86,7.53,36.48,2,214,51.21,279.38,sim,MQTT,corporativa,camera,0
30.56,40.83,11.32,36.76,0,124,35.61,259.2,sim,HTTP,corporativa,sensor,1
50.25,23.52,14.73,44.66,2,306,37.62,185.77,sim,MQTT,iot_isolada,sensor,1
33.96,38.6,9.07,87.31,1,83,57.99,567.03,sim,MQTT,iot_isolada,atuador,0
23.05,51.02,8.41,49.32,0,193,38.06,380.63,sim,MQTT,corporativa,atuador,1
34.78,72.98,12.84,111.55,1,201,5.0,354.67,nao,HTTP,corporativa,camera,0
25.47,33.34,0.89,19.9,0,363,29.33,1255.83,sim,CoAP,iot_isolada,sensor,0
24.57,50.48,2.35,103.73,2,147,33.06,416.41,nao,MQTT,iot_isolada,gateway,0
34.36,64.15,1.42,156.08,0,571,59.68,692.53,sim,HTTP,visitantes,sensor,0
28.22,9.14,5.28,61.45,2,557,43.01,361.79,nao,MQTT,iot_isolada,atuador,0
29.95,70.61,8.43,24.46,3,88,14.32,233.41,sim,MQTT,iot_isolada,sensor,0
28.1,30.72,1.89,88.52,0,189,44.62,142.39,sim,MQTT,iot_isolada,sensor,0
30.36,57.98,7.81,62.26,1,60,25.06,353.89,sim,MQTT,iot_isolada,sensor,0
30.97,56.44,5.7,77.93,2,274,59.48,46.32,sim,CoAP,corporativa,sensor,0
14.44,71.52,4.66,113.75,0,128,34.28,361.67,sim,MQTT,iot_isolada,sensor,0
32.67,61.92,5.59,46.39,2,210,32.46,372.7,sim,MQTT,iot_isolada,gateway,1
21.13,9.21,4.81,40.77,3,157,75.99,256.65,nao,MQTT,visitantes,camera,1
17.9,37.87,4.29,287.53,1,998,47.47,280.16,sim,HTTP,visitantes,gateway,1
27.59,54.49,1.1,89.32,1,172,54.73,124.48,nao,CoAP,corporativa,sensor,0
28.59,48.49,1.86,127.26,2,160,61.92,788.33,sim,MQTT,iot_isolada,sensor,0
23.15,60.6,1.14,109.33,1,379,12.21,236.02,sim,CoAP,iot_isolada,camera,0
33.82,66.21,2.69,128.31,0,418,75.9,151.34,nao,MQTT,corporativa,camera,1
18.6,62.95,7.89,79.83,1,234,80.01,437.58,sim,HTTP,corporativa,sensor,1
25.15,48.14,1.76,118.13,1,426,73.51,322.96,sim,MQTT,visitantes,atuador,0
23.91,18.77,3.44,36.66,2,890,60.4,232.56,sim,MQTT,corporativa,sensor,0
27.67,43.8,6.48,12.43,2,150,40.64,215.98,sim,MQTT,iot_isolada,sensor,0
29.95,59.49,5.21,29.26,2,67,70.02,297.69,nao,MQTT,iot_isolada,sensor,1
20.94,32.37,3.32,55.66,1,259,61.57,766.68,sim,MQTT,iot_isolada,gateway,0
33.07,63.36,7.55,50.24,3,398,46.36,415.17,nao,CoAP,iot_isolada,sensor,1
28.44,68.35,6.62,62.52,1,540,66.84,291.75,nao,MQTT,iot_isolada,sensor,0
14.76,54.28,9.82,34.9,1,294,47.87,542.78,sim,MQTT,visitantes,camera,0
14.29,5.0,2.72,7.53,3,197,51.57,304.68,sim,CoAP,iot_isolada,sensor,1
27.91,28.99,2.2,45.38,0,100,85.82,395.87,sim,CoAP,corporativa,sensor,1
26.45,85.95,5.83,17.55,2,463,69.64,332.22,nao,HTTP,iot_isolada,gateway,1
27.28,42.16,2.78,60.56,2,243,31.73,451.62,sim,MQTT,iot_isolada,camera,0
27.8,16.29,0.33,82.54,1,35,23.31,219.01,sim,HTTP,iot_isolada,sensor,1
29.58,74.23,6.77,44.69,1,704,68.81,134.62,nao,CoAP,iot_isolada,sensor,0
34.63,52.24,12.74,23.09,1,71,25.92,563.85,sim,CoAP,corporativa,sensor,0
20.22,71.89,3.07,64.9,2,404,76.62,857.01,sim,MQTT,iot_isolada,atuador,0
19.8,56.99,4.6,297.61,1,229,42.16,139.17,sim,MQTT,visitantes,gateway,1
20.35,60.25,3.07,89.29,0,38,19.0,338.83,nao,MQTT,iot_isolada,sensor,0
30.02,58.53,11.7,93.96,1,180,61.41,218.28,sim,CoAP,iot_isolada,atuador,0
36.71,64.55,0.57,41.06,2,151,59.83,554.67,sim,CoAP,iot_isolada,camera,0
24.98,92.99,10.77,31.19,4,49,50.11,355.19,sim,MQTT,iot_isolada,sensor,0
10.49,69.48,9.57,128.51,0,274,74.41,3069.38,nao,MQTT,corporativa,atuador,1
16.07,23.55,4.99,5.0,2,365,9.41,242.01,sim,HTTP,iot_isolada,gateway,1
22.17,60.04,3.44,33.99,2,189,61.97,876.65,sim,MQTT,iot_isolada,camera,0
24.1,72.55,9.52,179.41,2,147,56.16,938.46,nao,CoAP,corporativa,camera,1
25.14,73.65,8.76,57.83,0,289,55.89,434.21,sim,HTTP,iot_isolada,atuador,0
28.27,44.32,5.3,14.19,4,7,59.28,306.73,sim,MQTT,iot_isolada,sensor,0
25.82,72.97,1.0,84.26,2,134,47.91,319.38,nao,CoAP,corporativa,sensor,0
35.35,68.7,13.9,44.92,1,143,33.12,301.01,sim,HTTP,iot_isolada,sensor,0
23.27,98.31,4.21,10.97,2,194,26.1,660.71,nao,MQTT,iot_isolada,atuador,1
21.96,38.5,5.91,73.36,3,46,54.01,162.25,nao,MQTT,corporativa,sensor,1
31.35,42.87,0.7,65.69,1,25,32.38,267.02,sim,HTTP,corporativa,sensor,0
17.25,46.49,0.69,62.94,2,78,17.54,245.3,sim,MQTT,iot_isolada,sensor,0
30.73,43.18,0.95,88.4,2,270,19.78,89.27,nao,MQTT,iot_isolada,sensor,0
28.72,35.98,5.73,21.71,2,141,24.32,545.25,sim,MQTT,iot_isolada,gateway,1
26.97,5.0,10.03,78.73,1,77,89.31,628.94,sim,HTTP,iot_isolada,sensor,1
39.12,44.18,0.74,69.2,1,632,62.01,191.72,sim,MQTT,iot_isolada,atuador,1
23.64,58.65,4.64,126.72,0,147,65.11,614.67,sim,MQTT,corporativa,gateway,0
42.42,43.12,11.15,33.61,1,195,69.84,98.64,sim,MQTT,iot_isolada,camera,1
26.42,86.84,0.43,141.72,2,458,72.15,303.92,sim,MQTT,corporativa,atuador,0
19.06,52.24,13.29,108.04,3,217,17.53,273.59,sim,CoAP,corporativa,sensor,1
28.49,75.24,3.31,56.13,1,287,31.84,317.8,sim,HTTP,visitantes,camera,1
20.47,56.71,12.7,62.91,0,96,48.28,316.65,sim,MQTT,visitantes,camera,0
22.74,66.88,3.5,5.1,1,203,36.91,283.18,sim,CoAP,corporativa,sensor,0
30.78,57.03,6.83,61.61,2,579,32.48,227.82,sim,CoAP,corporativa,sensor,0
31.89,76.64,5.04,103.01,2,261,24.81,276.97,sim,HTTP,visitantes,camera,0
23.64,53.01,2.95,49.7,2,234,71.63,776.08,sim,CoAP,corporativa,camera,0
34.91,60.93,2.4,126.51,2,160,62.12,199.32,sim,MQTT,visitantes,gateway,1
36.1,58.59,3.53,85.29,2,59,18.31,1449.16,sim,CoAP,corporativa,sensor,1
38.05,46.81,5.75,215.16,1,425,57.78,191.6,sim,CoAP,iot_isolada,sensor,1
31.71,59.29,11.03,35.65,0,183,40.85,353.56,nao,CoAP,corporativa,atuador,0
37.54,92.22,4.01,96.36,1,108,62.03,445.79,sim,MQTT,iot_isolada,sensor,0
14.83,47.13,14.34,18.06,0,53,94.38,243.66,sim,MQTT,corporativa,atuador,0
25.77,59.55,9.21,53.29,0,243,27.73,786.55,sim,MQTT,iot_isolada,gateway,0
21.93,74.64,5.3,88.82,2,69,63.48,437.75,sim,MQTT,visitantes,camera,1
28.83,72.52,4.31,100.51,0,428,40.9,258.93,nao,MQTT,corporativa,sensor,0
24.0,52.21,7.49,46.74,3,114,40.56,780.46,sim,MQTT,iot_isolada,atuador,0
26.84,9.1,1.6,135.71,2,207,27.95,146.81,nao,MQTT,corporativa,atuador,1
41.18,61.3,1.42,155.39,0,257,55.75,201.17,sim,MQTT,iot_isolada,gateway,1
26.81,12.05,3.89,35.99,1,236,39.22,443.1,sim,HTTP,corporativa,gateway,0
30.9,78.46,5.07,54.58,0,366,52.05,523.76,sim,CoAP,iot_isolada,camera,1
26.37,55.05,6.25,50.31,3,123,32.47,374.59,sim,MQTT,iot_isolada,sensor,0
28.53,69.99,3.17,41.03,3,196,93.05,273.41,sim,CoAP,visitantes,atuador,0
28.04,35.76,11.38,149.07,1,298,71.26,250.63,sim,MQTT,visitantes,sensor,1
31.14,24.05,1.2,147.94,3,542,62.23,659.83,sim,MQTT,corporativa,camera,1
36.16,56.69,6.96,51.63,2,348,67.87,353.64,sim,CoAP,corporativa,sensor,1
39.53,51.4,4.14,96.04,0,394,48.19,162.3,sim,MQTT,corporativa,gateway,0
30.17,43.15,10.98,125.53,3,150,95.95,155.88,sim,CoAP,iot_isolada,gateway,1
32.13,53.52,14.1,74.07,1,261,63.37,862.14,sim,MQTT,corporativa,camera,0
19.94,100.0,1.45,48.64,0,489,35.3,180.71,nao,MQTT,iot_isolada,sensor,0
27.38,67.02,0.58,33.87,0,189,46.37,361.73,sim,MQTT,visitantes,sensor,0
34.58,70.89,3.18,102.39,0,262,88.47,769.42,nao,MQTT,corporativa,sensor,1
34.06,67.19,5.04,19.58,1,41,28.18,436.8,sim,CoAP,corporativa,atuador,0
29.48,78.63,2.04,49.67,0,319,10.14,175.85,sim,MQTT,iot_isolada,sensor,0
34.2,48.58,3.1,43.19,1,232,42.89,146.79,nao,MQTT,iot_isolada,atuador,0
31.44,15.01,4.52,18.4,1,304,81.88,1106.46,nao,MQTT,iot_isolada,sensor,0
36.4,48.61,10.7,57.92,0,153,80.09,144.2,nao,CoAP,corporativa,atuador,1
30.03,66.61,1.49,53.69,1,31,72.79,202.9,sim,CoAP,visitantes,camera,0
25.51,34.54,2.55,28.1,0,330,25.45,387.9,sim,HTTP,iot_isolada,atuador,0
30.35,48.83,1.47,145.37,0,107,26.1,256.41,sim,CoAP,corporativa,camera,1
7.49,39.55,5.48,102.88,1,46,33.19,446.6,nao,HTTP,corporativa,gateway,1
30.68,79.04,9.8,63.66,1,220,69.12,106.97,sim,MQTT,iot_isolada,gateway,1
5.0,65.49,4.89,113.71,0,589,57.11,257.94,sim,CoAP,corporativa,sensor,1
15.94,63.73,2.85,132.1,2,94,11.57,480.29,sim,MQTT,visitantes,atuador,1
31.16,63.19,1.24,149.71,1,111,58.17,481.43,sim,MQTT,iot_isolada,camera,0
31.34,51.33,5.93,35.47,1,342,80.58,200.19,sim,CoAP,visitantes,sensor,1
19.86,55.56,3.37,113.68,2,165,93.74,146.17,sim,HTTP,iot_isolada,sensor,1
23.02,30.67,2.67,53.87,0,329,41.52,347.1,sim,HTTP,visitantes,camera,0
37.59,12.64,3.55,72.25,2,158,24.48,119.26,sim,MQTT,iot_isolada,atuador,0
24.61,54.7,2.68,36.99,1,138,40.12,734.35,sim,CoAP,iot_isolada,gateway,0
43.7,57.83,2.01,61.47,1,98,44.2,333.68,sim,MQTT,corporativa,sensor,0
27.99,73.77,2.55,114.79,1,247,92.99,183.5,sim,CoAP,iot_isolada,gateway,0
30.86,80.28,3.01,174.87,1,97,27.15,142.86,nao,MQTT,iot_isolada,sensor,0
39.32,80.26,2.77,57.07,4,132,84.07,191.88,sim,MQTT,iot_isolada,sensor,1
28.92,34.04,8.11,28.91,1,423,41.94,100.15,nao,MQTT,iot_isolada,atuador,1
20.98,45.66,3.52,191.84,2,761,56.72,422.57,sim,HTTP,corporativa,sensor,1
27.23,60.65,1.34,34.32,3,271,53.49,170.38,sim,MQTT,iot_isolada,sensor,1
27.75,97.57,1.78,12.75,1,434,99.71,395.35,nao,MQTT,corporativa,sensor,0
18.45,78.64,2.32,39.47,3,145,62.56,435.41,sim,MQTT,iot_isolada,sensor,0
26.21,72.15,23.56,5.78,3,161,18.38,587.69,sim,MQTT,iot_isolada,sensor,1
22.8,45.02,2.7,127.83,2,228,59.48,356.49,nao,MQTT,visitantes,sensor,1
34.47,36.1,4.45,32.41,2,109,45.84,656.99,sim,CoAP,iot_isolada,camera,1
28.24,66.2,0.7,22.64,1,137,39.81,788.61,sim,MQTT,visitantes,atuador,0
26.02,32.19,3.48,67.44,2,321,37.68,358.08,nao,MQTT,visitantes,sensor,1
27.26,47.71,10.54,174.92,1,200,57.53,373.52,sim,MQTT,corporativa,atuador,1
29.56,49.93,2.85,86.41,1,175,82.25,202.3,sim,MQTT,iot_isolada,gateway,0
32.32,80.67,11.97,19.27,1,168,32.0,149.7,sim,CoAP,corporativa,sensor,0
21.0,45.62,1.46,235.64,1,78,33.95,733.22,sim,MQTT,visitantes,sensor,1
20.71,8.09,4.01,79.36,2,222,73.54,456.7,sim,CoAP,iot_isolada,sensor,0
35.73,61.08,3.51,119.31,1,109,75.65,483.37,sim,MQTT,corporativa,gateway,0
25.11,39.42,1.95,15.4,2,40,75.49,197.65,nao,MQTT,corporativa,gateway,0
18.08,52.77,5.77,210.45,2,68,34.61,931.45,nao,MQTT,iot_isolada,sensor,1
31.11,50.44,7.29,46.04,2,171,68.13,254.67,sim,CoAP,corporativa,sensor,1
31.24,47.07,6.21,14.1,1,303,77.19,170.5,sim,MQTT,corporativa,sensor,0
17.28,66.23,13.11,73.39,2,361,44.27,200.02,sim,CoAP,visitantes,camera,1
29.61,24.41,4.71,119.28,3,53,80.03,897.7,sim,HTTP,corporativa,sensor,0
33.15,42.69,9.33,95.69,0,282,55.31,137.31,nao,MQTT,iot_isolada,camera,0
30.62,64.31,4.32,94.53,2,613,33.38,176.66,nao,MQTT,iot_isolada,camera,0
32.42,40.95,4.36,89.86,1,374,91.59,2273.23,sim,MQTT,corporativa,gateway,0
18.17,23.04,1.84,68.68,1,215,21.64,577.51,nao,MQTT,corporativa,sensor,1
30.32,64.03,3.57,15.34,0,229,68.39,178.91,nao,MQTT,corporativa,camera,0
25.88,72.22,9.44,53.25,1,211,79.95,140.19,sim,CoAP,visitantes,camera,0
24.62,51.19,5.08,47.74,1,129,38.47,92.68,nao,CoAP,iot_isolada,atuador,0
34.09,16.7,10.12,150.1,1,386,33.62,319.89,sim,CoAP,corporativa,camera,1
38.35,64.71,4.01,127.96,2,85,40.94,497.51,nao,MQTT,iot_isolada,sensor,0
40.56,22.12,8.78,42.92,0,224,92.67,865.37,sim,MQTT,corporativa,sensor,0
37.2,57.56,6.66,106.79,1,39,37.31,79.38,sim,HTTP,corporativa,gateway,0
27.23,36.03,1.77,59.21,1,411,66.95,118.18,sim,MQTT,corporativa,camera,1
30.47,31.12,0.83,12.81,3,217,70.28,274.87,sim,CoAP,iot_isolada,gateway,0
33.37,44.05,1.55,5.18,3,49,41.27,2103.52,sim,CoAP,iot_isolada,gateway,0
28.85,48.7,0.68,98.24,3,507,40.18,555.65,sim,MQTT,iot_isolada,atuador,0
28.92,40.4,5.91,25.34,1,181,89.13,387.98,sim,MQTT,corporativa,atuador,0
33.77,62.6,5.89,25.24,1,61,90.85,126.79,sim,CoAP,iot_isolada,sensor,0
27.59,43.97,3.14,35.12,2,650,59.9,67.76,sim,CoAP,iot_isolada,sensor,0
22.89,69.64,5.46,99.74,0,159,74.71,307.11,sim,MQTT,iot_isolada,atuador,1
25.1,57.06,7.14,129.13,0,99,46.96,278.79,sim,MQTT,corporativa,gateway,0
32.44,39.44,4.46,127.29,3,232,7.12,247.78,nao,MQTT,iot_isolada,atuador,0
28.02,36.41,2.71,11.21,2,69,17.36,228.99,sim,CoAP,corporativa,camera,0
30.38,22.35,2.1,33.87,1,129,91.96,177.0,sim,MQTT,corporativa,atuador,1
32.69,57.23,10.68,29.36,3,467,53.46,150.75,sim,HTTP,iot_isolada,sensor,1
25.38,45.62,3.52,99.69,0,162,90.86,790.49,sim,HTTP,iot_isolada,camera,0
33.29,9.3,7.65,34.32,1,270,91.4,160.68,sim,HTTP,iot_isolada,camera,1
30.65,42.36,4.03,56.01,1,482,61.87,246.34,sim,MQTT,corporativa,sensor,1
19.36,35.78,10.63,105.95,1,158,25.51,290.8,sim,MQTT,corporativa,sensor,0
38.1,80.36,3.84,64.44,1,96,14.0,490.0,sim,HTTP,iot_isolada,sensor,1
24.49,21.35,10.81,79.13,0,307,65.16,164.63,nao,CoAP,iot_isolada,sensor,1
16.41,26.06,5.21,54.47,2,59,42.42,592.68,sim,MQTT,iot_isolada,atuador,0
20.68,71.98,0.83,120.3,2,86,49.25,199.18,sim,HTTP,iot_isolada,atuador,0
20.85,76.42,2.9,128.43,2,48,33.4,266.85,sim,CoAP,corporativa,atuador,0
28.37,38.59,4.38,89.83,0,458,84.48,944.04,sim,CoAP,iot_isolada,atuador,1
26.08,40.62,5.4,128.78,0,205,57.46,151.64,nao,HTTP,visitantes,atuador,0
25.64,63.09,10.0,285.64,2,315,34.29,495.04,sim,HTTP,corporativa,atuador,1
32.34,10.11,8.94,104.7,2,92,43.94,603.79,sim,CoAP,iot_isolada,sensor,0
30.38,18.5,5.46,60.71,3,262,50.61,371.27,sim,MQTT,corporativa,sensor,1
30.21,46.95,3.15,80.44,0,269,49.76,275.26,sim,CoAP,corporativa,atuador,0
30.87,79.9,1.16,137.54,1,648,83.93,1323.44,sim,CoAP,iot_isolada,camera,0
32.31,44.16,2.48,45.6,1,296,41.53,295.98,sim,CoAP,iot_isolada,gateway,1
13.24,53.82,2.3,42.72,0,360,48.24,344.76,sim,MQTT,corporativa,camera,0
25.45,72.41,2.37,79.47,1,217,24.85,236.14,sim,CoAP,iot_isolada,sensor,0
12.74,89.92,3.09,59.88,4,9,23.8,332.21,sim,CoAP,corporativa,sensor,0
28.25,41.62,1.59,29.1,0,245,67.32,586.92,sim,HTTP,corporativa,gateway,0
27.97,51.7,5.94,70.94,4,170,94.15,246.48,nao,HTTP,iot_isolada,camera,1
35.32,84.8,0.7,156.45,2,163,71.39,68.31,sim,MQTT,corporativa,sensor,0
36.31,24.6,2.25,87.75,1,134,74.87,428.16,sim,CoAP,iot_isolada,camera,0
29.42,70.5,3.95,24.15,1,163,59.08,140.49,sim,CoAP,iot_isolada,sensor,0
24.5,33.67,1.36,97.65,2,113,32.47,502.36,nao,CoAP,visitantes,camera,0
31.4,53.84,0.91,51.0,2,337,39.79,298.59,sim,MQTT,corporativa,gateway,1
24.3,47.63,13.18,227.25,1,79,49.33,578.35,sim,CoAP,iot_isolada,camera,1
27.99,34.76,5.18,92.38,1,591,82.52,153.88,sim,CoAP,corporativa,atuador,0
34.9,34.3,2.65,39.24,1,317,43.71,205.48,sim,MQTT,corporativa,camera,0
24.1,56.98,9.92,102.72,2,400,69.88,235.56,sim,HTTP,corporativa,atuador,0
33.64,69.92,9.85,74.64,1,85,57.04,105.89,sim,HTTP,iot_isolada,atuador,0
32.74,49.66,4.34,146.73,3,126,13.85,650.66,sim,HTTP,corporativa,atuador,0
21.32,53.26,5.7,42.54,3,211,42.77,95.79,sim,HTTP,visitantes,gateway,0
34.82,62.28,2.47,92.23,1,196,39.21,644.27,sim,MQTT,iot_isolada,camera,0
32.89,34.51,6.19,15.35,3,317,62.54,402.25,sim,HTTP,iot_isolada,camera,0
28.71,65.31,7.85,68.73,2,196,50.07,260.03,sim,HTTP,corporativa,camera,0
22.66,66.75,4.02,23.55,2,613,74.92,380.54,sim,CoAP,corporativa,sensor,0
21.99,98.87,13.16,72.89,2,86,41.15,373.31,nao,MQTT,iot_isolada,sensor,1
24.24,45.23,2.25,84.7,1,71,27.41,225.81,sim,MQTT,corporativa,sensor,0
31.8,43.75,2.99,89.79,0,121,66.32,368.23,sim,MQTT,iot_isolada,gateway,0
21.31,65.84,2.93,42.49,2,164,78.7,498.61,sim,CoAP,iot_isolada,sensor,0
31.06,66.74,3.45,70.25,5,425,87.93,154.27,nao,CoAP,iot_isolada,camera,1
19.31,42.37,1.12,134.93,2,257,83.73,380.82,sim,HTTP,iot_isolada,sensor,0
26.57,44.74,4.02,187.37,2,12,16.26,47.54,sim,HTTP,corporativa,sensor,1
28.77,61.74,5.73,71.99,1,14,63.97,77.42,sim,MQTT,iot_isolada,camera,0
45.12,37.1,3.09,137.37,4,176,77.3,443.71,sim,MQTT,iot_isolada,atuador,1
18.36,44.61,13.64,31.34,1,138,40.25,223.08,sim,CoAP,iot_isolada,sensor,0
38.3,53.61,6.15,47.89,2,180,86.08,164.45,nao,MQTT,iot_isolada,atuador,1
29.05,69.93,0.49,77.74,0,164,58.86,287.98,nao,HTTP,iot_isolada,sensor,1
30.88,41.12,4.62,60.17,1,554,33.28,226.52,sim,HTTP,iot_isolada,camera,1
28.83,18.84,13.38,55.58,1,381,70.7,149.6,sim,MQTT,corporativa,sensor,0
31.11,17.5,1.7,128.01,4,126,54.72,94.89,nao,CoAP,corporativa,sensor,1
26.92,29.33,0.77,27.12,3,194,44.51,75.36,nao,HTTP,corporativa,sensor,0
38.18,28.36,13.37,29.57,0,153,55.81,501.27,sim,HTTP,corporativa,sensor,1
24.8,49.22,5.8,20.22,2,23,64.47,222.35,sim,CoAP,iot_isolada,gateway,0
35.93,30.6,7.99,79.42,1,131,64.27,589.15,nao,HTTP,iot_isolada,gateway,1
23.49,39.35,0.56,50.95,1,133,82.8,220.78,sim,CoAP,corporativa,sensor,0
27.58,38.07,5.89,119.86,1,109,58.32,383.17,sim,MQTT,visitantes,atuador,0
20.5,44.07,3.24,74.67,1,128,61.32,273.75,sim,CoAP,visitantes,gateway,0
31.19,75.81,4.74,41.7,1,156,46.59,308.31,sim,HTTP,iot_isolada,sensor,0
38.12,63.92,10.29,36.72,3,272,53.87,318.98,sim,HTTP,iot_isolada,sensor,1
27.46,52.29,3.11,5.24,0,117,53.45,218.77,sim,MQTT,corporativa,sensor,1
26.62,43.7,7.21,57.48,6,469,70.08,126.38,nao,MQTT,iot_isolada,atuador,1
20.2,44.2,5.29,23.86,4,86,19.59,510.96,sim,CoAP,iot_isolada,camera,1
26.39,57.9,7.84,130.03,1,415,70.9,911.86,nao,HTTP,corporativa,sensor,1
16.85,62.52,1.91,49.05,2,241,40.92,954.75,nao,CoAP,iot_isolada,sensor,0
21.61,35.66,3.96,17.01,2,65,85.16,202.9,sim,MQTT,iot_isolada,sensor,1
29.59,52.66,0.75,147.33,1,152,91.65,178.89,sim,HTTP,corporativa,sensor,0
37.23,15.43,3.7,58.12,3,568,80.7,202.76,nao,CoAP,iot_isolada,camera,1
47.66,55.81,5.22,97.23,1,87,74.82,264.25,sim,HTTP,iot_isolada,atuador,1
23.89,65.72,5.53,42.17,2,579,27.83,288.09,sim,HTTP,corporativa,sensor,0
38.05,46.96,2.35,150.66,2,278,38.65,148.63,nao,MQTT,corporativa,sensor,1
29.71,84.7,4.73,32.75,1,244,28.26,106.08,sim,HTTP,corporativa,sensor,1
26.94,36.14,8.52,50.93,4,266,24.82,309.5,nao,MQTT,iot_isolada,sensor,1
31.03,55.91,2.7,12.01,3,149,94.75,25.25,sim,HTTP,corporativa,gateway,0
28.43,51.36,1.52,148.26,2,91,61.81,278.53,sim,MQTT,corporativa,atuador,0
28.77,50.19,2.42,38.04,2,200,21.93,154.27,sim,HTTP,iot_isolada,gateway,0
25.14,49.94,6.38,80.75,1,251,33.99,516.0,sim,MQTT,iot_isolada,sensor,1
18.21,53.93,2.61,88.89,0,287,62.97,622.25,sim,MQTT,iot_isolada,atuador,1
17.19,67.26,5.32,132.69,0,279,66.91,632.62,nao,HTTP,iot_isolada,atuador,0
32.57,76.8,3.98,76.51,0,332,84.92,234.51,sim,MQTT,iot_isolada,sensor,0
26.06,51.96,8.3,60.73,0,730,41.75,135.02,sim,MQTT,corporativa,atuador,1
23.83,66.68,4.95,123.79,2,236,62.15,168.98,sim,HTTP,iot_isolada,gateway,0
28.06,39.37,7.49,87.87,4,452,69.69,365.52,sim,MQTT,corporativa,gateway,1
33.56,65.79,12.94,53.97,2,295,34.53,94.43,sim,CoAP,iot_isolada,camera,1
29.26,38.28,1.94,152.62,2,781,62.46,792.73,sim,HTTP,visitantes,sensor,1
23.41,71.63,4.13,92.63,1,211,39.64,237.12,sim,MQTT,corporativa,gateway,0
36.58,91.79,5.52,22.04,2,194,68.06,424.16,nao,MQTT,corporativa,camera,1
39.05,49.8,5.8,170.74,0,433,84.33,85.88,sim,CoAP,corporativa,atuador,0
31.46,12.53,3.99,41.32,1,433,37.61,156.31,sim,CoAP,visitantes,sensor,0
34.82,42.13,1.16,132.26,1,159,86.74,78.73,sim,MQTT,corporativa,sensor,1
36.69,74.17,3.05,17.31,0,287,20.55,610.84,sim,CoAP,visitantes,gateway,1
35.91,61.96,7.54,123.28,0,334,91.92,267.16,nao,MQTT,corporativa,camera,1
32.3,56.48,1.63,23.31,1,321,41.51,445.82,sim,MQTT,iot_isolada,sensor,0
32.19,70.16,6.88,75.07,3,266,46.1,312.43,sim,MQTT,corporativa,gateway,1
31.64,60.72,5.38,90.87,0,36,56.84,414.86,sim,HTTP,corporativa,gateway,1
20.32,73.92,3.21,54.85,2,324,75.11,235.99,sim,MQTT,corporativa,camera,0
32.91,68.55,4.64,66.13,2,335,73.41,259.18,sim,MQTT,corporativa,sensor,0
18.51,79.39,4.29,28.0,0,274,39.46,280.28,nao,HTTP,corporativa,camera,0
22.44,58.46,6.41,114.84,4,146,55.19,397.0,nao,MQTT,corporativa,camera,1
37.12,68.29,1.69,77.93,0,530,75.29,404.43,sim,HTTP,iot_isolada,gateway,0
33.88,46.47,5.23,32.58,3,89,59.4,2138.81,sim,HTTP,iot_isolada,gateway,0
38.41,41.17,4.48,80.04,1,439,52.33,969.83,sim,MQTT,corporativa,camera,0
26.1,82.72,5.74,81.8,1,88,46.71,86.04,sim,MQTT,iot_isolada,sensor,0
19.93,55.89,3.46,68.45,1,402,21.08,270.38,sim,MQTT,iot_isolada,sensor,0
26.32,66.49,4.69,5.33,1,92,57.78,224.95,sim,MQTT,visitantes,sensor,0
28.71,54.23,3.39,49.0,1,386,25.47,732.23,sim,MQTT,iot_isolada,camera,0
28.55,41.44,10.9,113.67,1,610,66.29,239.6,sim,MQTT,corporativa,gateway,1
35.94,52.2,5.27,94.37,2,612,29.97,413.64,sim,MQTT,visitantes,atuador,1
25.47,77.85,5.37,92.44,2,524,71.7,58.21,sim,HTTP,visitantes,camera,0
30.46,61.99,7.71,77.52,5,210,18.86,103.59,sim,MQTT,visitantes,gateway,0
21.08,21.19,2.61,122.54,2,126,78.2,1292.85,sim,MQTT,iot_isolada,camera,1
31.15,48.13,3.06,41.12,2,185,82.01,309.57,sim,MQTT,iot_isolada,sensor,0
28.02,84.08,4.45,34.38,3,416,57.71,148.57,sim,MQTT,visitantes,camera,0
22.75,48.15,11.49,198.67,2,321,21.25,354.25,sim,HTTP,iot_isolada,sensor,1
26.35,19.59,5.69,37.72,1,828,64.22,143.0,sim,CoAP,corporativa,camera,0
26.71,86.07,3.67,21.32,2,137,28.13,245.09,sim,MQTT,visitantes,atuador,1
26.11,64.28,2.77,54.1,2,638,62.77,108.11,sim,CoAP,iot_isolada,camera,0
40.4,50.74,2.99,70.27,4,197,40.62,172.07,sim,MQTT,corporativa,sensor,1
27.31,45.31,2.22,123.06,2,88,65.27,223.31,sim,HTTP,corporativa,camera,0
26.29,71.48,5.33,49.08,1,260,27.79,654.9,sim,MQTT,visitantes,atuador,0
13.32,42.24,4.39,48.77,4,315,17.46,413.57,sim,CoAP,corporativa,sensor,1
21.74,72.67,1.07,65.65,2,492,36.23,467.3,sim,MQTT,iot_isolada,atuador,0
26.16,61.76,12.04,42.78,2,136,47.96,293.52,sim,MQTT,corporativa,atuador,1
23.2,56.4,5.13,17.52,1,260,43.08,531.65,sim,CoAP,corporativa,camera,0
37.67,54.62,10.09,22.91,2,213,54.4,162.15,nao,MQTT,iot_isolada,sensor,1
26.85,48.85,2.37,145.23,2,159,73.6,178.95,sim,CoAP,visitantes,sensor,1
37.02,70.82,7.26,106.05,1,595,37.15,397.55,sim,CoAP,iot_isolada,sensor,1
28.43,36.42,0.46,64.02,2,318,29.38,245.82,nao,MQTT,corporativa,sensor,1
28.26,22.81,7.39,94.16,5,20,62.66,295.98,nao,HTTP,corporativa,gateway,1
27.38,63.06,6.75,108.18,2,263,43.02,266.43,sim,MQTT,corporativa,atuador,0
28.03,63.36,2.73,39.35,5,46,16.83,718.68,sim,HTTP,visitantes,sensor,1
40.03,60.64,2.2,27.75,2,244,15.02,745.37,sim,MQTT,iot_isolada,camera,0
11.76,59.34,4.27,135.59,0,55,53.59,192.81,nao,MQTT,visitantes,camera,0
13.99,46.23,6.14,7.17,2,319,43.3,87.19,sim,MQTT,visitantes,sensor,1
24.2,66.17,2.53,95.19,1,45,66.71,181.63,sim,CoAP,iot_isolada,camera,1
28.1,51.18,0.44,74.34,2,92,44.44,159.51,sim,HTTP,corporativa,atuador,1
32.83,43.23,2.5,126.81,1,371,67.3,534.98,sim,CoAP,visitantes,sensor,1
31.31,46.39,3.79,97.58,1,210,57.96,569.27,sim,MQTT,corporativa,sensor,0
25.31,88.37,4.44,93.75,4,60,90.72,145.22,sim,MQTT,visitantes,gateway,0
35.13,20.77,6.11,30.24,2,570,23.98,176.24,sim,HTTP,iot_isolada,sensor,1
35.21,61.0,8.43,110.96,1,151,53.48,106.13,sim,HTTP,corporativa,atuador,0
29.29,21.78,14.36,87.32,1,173,43.44,328.35,sim,MQTT,iot_isolada,atuador,1
34.74,50.05,4.44,33.71,0,185,59.92,289.62,sim,HTTP,corporativa,sensor,0
29.91,44.19,7.39,74.82,3,338,45.61,519.25,nao,CoAP,iot_isolada,camera,0
24.07,14.47,1.41,24.98,0,161,89.68,423.26,sim,CoAP,iot_isolada,gateway,0
32.88,59.0,1.23,57.6,0,191,72.37,458.13,sim,CoAP,corporativa,camera,0
28.77,45.16,8.55,250.94,0,460,65.15,101.55,sim,MQTT,iot_isolada,camera,0
28.01,14.21,2.51,28.83,1,421,29.09,192.78,sim,MQTT,iot_isolada,atuador,1
38.31,67.11,8.76,17.34,1,182,15.9,580.7,sim,CoAP,visitantes,sensor,1
10.84,77.83,0.18,23.17,1,187,67.7,205.0,sim,HTTP,visitantes,camera,1
18.08,78.82,10.86,56.99,0,11,91.53,95.65,sim,CoAP,iot_isolada,sensor,0
19.69,58.46,1.01,102.46,2,241,67.3,526.15,sim,MQTT,visitantes,sensor,1
25.46,52.83,10.06,67.08,1,381,61.37,199.52,nao,MQTT,corporativa,atuador,1
26.22,75.91,2.62,19.82,2,154,42.49,628.82,sim,MQTT,corporativa,gateway,0
17.45,82.28,7.09,101.56,1,514,48.84,295.04,nao,CoAP,corporativa,camera,0
21.1,72.4,4.65,10.49,3,40,60.13,246.15,nao,MQTT,iot_isolada,sensor,0
21.97,35.05,3.84,21.96,0,98,49.19,776.06,sim,MQTT,corporativa,atuador,0
45.2,55.62,3.1,41.38,4,487,48.22,120.08,sim,CoAP,visitantes,sensor,1
40.61,59.91,6.54,132.47,5,371,45.18,815.63,sim,MQTT,iot_isolada,camera,1
25.12,19.43,12.99,69.04,2,37,21.3,191.03,nao,MQTT,corporativa,sensor,1
25.45,60.45,8.44,71.02,2,46,23.67,334.84,sim,CoAP,iot_isolada,camera,0
19.96,92.91,2.82,20.15,0,323,47.64,337.06,sim,MQTT,iot_isolada,camera,0
14.64,63.52,6.08,44.73,3,277,45.84,221.63,sim,MQTT,iot_isolada,sensor,1
27.18,78.52,1.65,119.94,1,170,44.1,175.3,sim,MQTT,iot_isolada,camera,0
21.02,55.29,2.16,83.47,1,502,81.85,230.7,sim,MQTT,iot_isolada,sensor,0
27.41,50.68,3.44,104.09,2,121,77.75,146.91,sim,HTTP,corporativa,gateway,0
16.8,58.86,3.08,63.72,3,22,76.05,1180.12,sim,CoAP,iot_isolada,camera,0
22.67,37.32,3.41,120.81,1,338,51.68,213.41,sim,MQTT,corporativa,atuador,0
29.04,34.65,5.45,20.02,3,392,66.13,672.68,sim,MQTT,iot_isolada,sensor,0
30.56,74.79,6.66,55.97,2,127,53.34,613.4,nao,MQTT,corporativa,sensor,0
30.92,76.7,5.32,92.31,2,75,63.97,385.31,sim,HTTP,iot_isolada,sensor,0
18.76,34.16,10.14,14.28,1,23,72.4,271.79,sim,CoAP,iot_isolada,sensor,1
33.98,69.42,14.38,5.0,0,207,46.58,342.29,sim,CoAP,corporativa,camera,1
22.4,50.43,10.35,198.78,3,267,34.32,446.09,sim,MQTT,iot_isolada,sensor,0
32.43,58.12,6.26,69.73,3,412,51.01,320.64,sim,HTTP,corporativa,sensor,1
27.93,60.28,3.98,12.83,3,279,66.69,99.81,sim,HTTP,iot_isolada,sensor,0
18.37,69.9,12.39,68.45,2,135,68.29,83.7,nao,MQTT,iot_isolada,camera,1
25.79,53.49,5.35,22.27,0,241,42.6,859.45,nao,MQTT,corporativa,gateway,0
30.56,77.38,7.05,30.24,1,426,35.36,47.26,sim,MQTT,corporativa,sensor,1
32.29,57.57,10.4,135.43,0,264,56.01,342.74,sim,CoAP,iot_isolada,atuador,0
27.01,63.24,2.97,42.2,1,385,80.23,253.54,sim,MQTT,iot_isolada,sensor,1
38.72,37.0,0.79,41.93,0,78,52.21,334.47,nao,MQTT,iot_isolada,camera,0
35.05,90.86,5.72,21.6,0,329,25.51,134.56,sim,CoAP,corporativa,sensor,0
26.2,60.46,6.81,49.62,0,279,79.31,382.02,sim,CoAP,corporativa,atuador,0
33.25,64.83,4.57,73.03,2,160,42.16,345.23,sim,MQTT,iot_isolada,sensor,0
41.54,23.05,14.11,42.17,2,432,95.15,2064.63,sim,MQTT,visitantes,atuador,1
41.72,37.19,4.3,232.46,1,724,51.45,327.34,nao,MQTT,iot_isolada,gateway,1
19.4,74.28,10.54,26.78,1,36,22.17,767.98,sim,MQTT,iot_isolada,camera,1
21.51,57.16,5.02,26.64,0,166,65.91,104.68,sim,HTTP,iot_isolada,camera,0
38.39,17.55,1.11,48.07,3,196,25.49,610.37,sim,CoAP,iot_isolada,sensor,1
20.59,70.69,0.83,214.91,2,207,38.8,350.16,nao,HTTP,iot_isolada,sensor,1
18.74,42.21,10.8,105.26,2,123,36.82,360.98,sim,CoAP,corporativa,atuador,0
24.6,77.4,5.19,41.05,1,44,41.53,364.49,sim,HTTP,iot_isolada,gateway,1
30.94,50.42,3.63,41.08,1,173,53.71,986.77,sim,MQTT,corporativa,sensor,0
27.28,55.68,5.61,25.88,0,197,78.96,357.3,sim,MQTT,corporativa,sensor,0
23.45,73.22,3.32,46.98,2,161,41.14,172.62,sim,HTTP,corporativa,sensor,0
23.28,35.85,8.12,54.8,6,200,79.75,194.19,sim,CoAP,corporativa,gateway,1
23.01,34.13,6.79,101.98,1,245,6.99,529.53,nao,HTTP,corporativa,camera,1
21.84,48.46,3.05,87.72,0,178,74.65,408.8,sim,CoAP,corporativa,gateway,0
43.97,66.89,6.87,45.77,1,122,43.17,102.38,sim,MQTT,corporativa,sensor,0
30.08,28.04,10.38,165.26,3,201,27.3,428.48,sim,MQTT,corporativa,atuador,1
34.21,21.98,7.04,36.61,2,259,61.16,140.1,sim,MQTT,corporativa,sensor,1
24.58,66.83,0.7,17.0,0,215,53.8,406.17,sim,CoAP,corporativa,sensor,0
26.7,41.15,5.23,75.52,2,756,41.57,170.05,sim,HTTP,iot_isolada,atuador,0
23.01,44.94,2.98,128.86,1,273,6.8,245.42,sim,HTTP,iot_isolada,gateway,0
9.44,18.58,10.74,61.86,2,208,96.23,204.1,nao,CoAP,corporativa,camera,1
18.35,39.78,11.14,20.8,2,107,41.79,865.44,sim,MQTT,corporativa,atuador,0
15.33,51.86,11.04,71.17,1,110,57.19,395.95,nao,MQTT,iot_isolada,sensor,1
12.25,68.75,4.17,77.75,0,162,56.63,722.54,sim,MQTT,corporativa,sensor,0
19.63,38.12,3.36,83.63,1,166,38.5,2267.99,sim,HTTP,corporativa,sensor,0
37.27,81.83,11.89,72.21,2,161,32.13,308.82,sim,CoAP,corporativa,sensor,1
27.69,39.68,0.66,140.3,3,281,72.35,855.25,sim,CoAP,iot_isolada,gateway,0
37.03,39.7,2.55,25.32,2,422,54.35,183.16,sim,HTTP,iot_isolada,camera,1
30.88,79.67,5.93,5.0,0,339,94.48,719.4,sim,MQTT,iot_isolada,sensor,0
33.48,55.81,8.23,10.5,0,311,45.59,169.82,sim,HTTP,corporativa,gateway,0
21.69,42.06,4.22,20.51,1,97,62.45,295.04,sim,CoAP,corporativa,sensor,0
31.67,49.21,4.81,114.21,3,465,43.69,435.2,nao,MQTT,visitantes,sensor,1
33.1,76.36,1.35,49.61,0,105,67.93,485.88,nao,CoAP,iot_isolada,sensor,0
23.96,78.39,3.61,173.85,2,255,18.69,122.64,sim,MQTT,iot_isolada,gateway,1
31.92,37.3,13.72,23.66,1,298,95.76,162.89,sim,CoAP,visitantes,camera,1
31.96,51.24,10.33,171.57,1,475,32.68,458.53,sim,MQTT,iot_isolada,atuador,1
24.15,53.62,8.34,30.53,0,667,49.37,231.04,sim,MQTT,corporativa,atuador,0
20.14,34.25,1.57,54.72,2,156,88.26,112.38,sim,CoAP,iot_isolada,gateway,0
19.71,51.0,2.48,12.93,3,239,49.37,284.38,sim,MQTT,corporativa,gateway,0
28.61,52.1,2.62,156.82,1,446,35.69,274.99,nao,MQTT,iot_isolada,camera,0
30.29,72.52,6.11,60.52,2,705,61.5,338.27,sim,HTTP,iot_isolada,atuador,1
22.45,73.73,3.14,239.16,0,170,52.78,432.88,sim,MQTT,corporativa,camera,0
28.19,46.07,1.25,132.85,1,102,47.46,414.04,sim,CoAP,corporativa,sensor,0
31.99,48.15,5.0,53.7,0,60,25.55,174.56,sim,CoAP,corporativa,sensor,0
32.33,63.96,10.22,34.87,1,38,69.29,224.17,sim,MQTT,iot_isolada,atuador,0
38.86,41.47,1.51,117.66,3,117,57.2,572.18,sim,HTTP,corporativa,sensor,0
36.94,62.6,7.23,65.34,2,387,52.48,204.34,sim,MQTT,corporativa,gateway,1
20.99,50.42,5.24,33.31,2,403,57.9,226.66,sim,MQTT,corporativa,atuador,0
39.79,34.55,12.36,68.88,1,273,57.06,104.27,sim,MQTT,iot_isolada,sensor,1
24.28,34.78,1.35,8.67,1,164,53.34,292.93,nao,CoAP,iot_isolada,sensor,1
35.31,78.05,4.25,84.76,3,282,51.06,380.58,sim,MQTT,iot_isolada,sensor,0
28.48,49.18,7.83,96.43,2,218,36.43,74.98,sim,MQTT,iot_isolada,camera,1
25.11,81.53,0.86,22.89,0,170,26.83,141.29,sim,CoAP,iot_isolada,gateway,0
15.35,42.75,1.79,142.82,2,264,70.49,110.48,sim,CoAP,corporativa,sensor,0
26.8,57.24,1.44,123.21,0,159,53.13,518.97,sim,MQTT,corporativa,camera,0
17.08,95.07,0.74,79.37,0,263,29.39,78.36,sim,MQTT,corporativa,camera,0
34.77,32.97,5.53,28.61,0,293,71.25,282.85,sim,MQTT,visitantes,sensor,0
38.62,17.84,1.44,100.45,2,346,19.44,493.98,nao,MQTT,iot_isolada,sensor,1
22.42,75.16,1.02,47.51,1,46,20.33,340.86,sim,CoAP,corporativa,sensor,0
30.11,37.12,5.86,73.53,3,470,61.2,219.65,sim,MQTT,iot_isolada,atuador,0
22.92,51.63,4.88,107.12,1,197,42.34,380.9,sim,MQTT,corporativa,sensor,0
23.6,41.45,1.67,17.3,1,672,61.65,617.62,sim,MQTT,iot_isolada,sensor,0
33.42,56.83,9.78,12.34,2,389,8.16,277.18,sim,CoAP,iot_isolada,sensor,1
27.73,34.89,10.73,43.88,4,104,72.59,62.35,nao,CoAP,iot_isolada,gateway,0
40.18,48.76,0.13,213.39,2,315,58.9,667.42,sim,MQTT,iot_isolada,gateway,1
24.62,60.1,7.98,245.58,2,447,67.25,395.51,nao,CoAP,visitantes,sensor,1
35.0,33.85,4.97,83.42,4,177,76.52,292.03,nao,CoAP,corporativa,camera,1
28.68,39.4,0.75,125.54,1,97,42.09,74.72,sim,MQTT,iot_isolada,gateway,0
33.57,45.75,3.43,62.44,5,84,29.22,242.54,nao,MQTT,visitantes,atuador,1
24.87,26.28,1.8,68.93,2,58,56.58,161.93,sim,MQTT,corporativa,camera,0
27.65,44.39,5.74,54.67,0,25,42.27,127.56,sim,HTTP,iot_isolada,gateway,1
27.19,54.14,4.69,135.86,0,200,76.96,271.64,sim,MQTT,visitantes,sensor,0
22.15,44.81,2.2,175.15,1,88,44.8,205.37,nao,MQTT,iot_isolada,sensor,1
32.63,47.12,5.41,67.74,1,127,34.11,215.06,sim,CoAP,corporativa,atuador,1
32.55,51.64,5.47,68.7,5,682,91.88,501.57,sim,CoAP,corporativa,sensor,1
32.15,40.2,1.42,56.86,0,294,11.49,357.42,sim,HTTP,iot_isolada,sensor,0
38.76,64.44,8.24,178.04,0,101,28.68,211.27,nao,MQTT,visitantes,gateway,1
38.15,77.85,3.44,115.13,0,893,69.04,193.32,sim,MQTT,corporativa,atuador,1
25.38,43.64,4.62,28.01,1,261,73.32,217.37,sim,CoAP,corporativa,sensor,0
30.61,60.73,9.47,209.21,2,842,56.35,251.34,sim,CoAP,corporativa,atuador,1
23.63,47.69,11.56,5.03,7,577,44.84,449.81,sim,HTTP,iot_isolada,sensor,1
28.16,58.58,6.64,166.56,2,268,47.24,144.06,sim,CoAP,iot_isolada,atuador,0
23.8,80.18,2.9,128.63,0,198,58.12,829.57,sim,MQTT,iot_isolada,atuador,0
39.34,61.16,11.86,67.9,0,384,73.03,450.04,sim,MQTT,iot_isolada,gateway,0
30.55,20.08,1.1,66.68,1,252,88.19,43.97,sim,HTTP,iot_isolada,atuador,1
26.47,60.17,1.27,59.08,2,148,57.93,317.27,sim,CoAP,iot_isolada,atuador,0
36.36,74.19,0.83,29.22,1,141,30.25,619.25,sim,MQTT,iot_isolada,atuador,0
12.81,48.01,2.05,198.54,1,427,70.34,392.33,sim,MQTT,corporativa,camera,0
13.9,69.92,6.76,65.21,1,101,26.48,223.94,sim,CoAP,corporativa,camera,0
33.57,39.58,8.55,28.76,5,422,23.54,286.36,nao,MQTT,iot_isolada,sensor,1
28.42,25.26,3.27,190.77,0,222,86.73,338.6,sim,CoAP,iot_isolada,sensor,1
29.75,54.54,11.12,90.12,3,48,87.49,512.2,nao,CoAP,corporativa,gateway,0
18.72,20.38,0.53,93.95,0,446,37.25,110.99,sim,MQTT,iot_isolada,sensor,0
27.84,47.68,6.62,219.06,0,104,68.62,195.68,sim,HTTP,iot_isolada,atuador,0
42.02,75.16,2.09,103.1,1,116,34.99,941.06,sim,HTTP,corporativa,sensor,1
33.77,17.62,4.64,39.53,1,184,59.0,305.84,sim,MQTT,iot_isolada,sensor,1
29.19,28.97,5.35,102.99,0,207,40.61,870.9,nao,MQTT,corporativa,sensor,1
24.93,33.42,5.06,31.61,1,269,53.8,2416.11,sim,HTTP,visitantes,sensor,0
25.24,50.86,6.19,45.87,1,430,40.89,211.79,nao,MQTT,iot_isolada,sensor,0
13.1,45.42,1.91,81.5,2,420,50.51,129.27,sim,HTTP,iot_isolada,camera,1
29.8,77.18,4.92,124.26,1,137,70.69,248.17,nao,MQTT,iot_isolada,sensor,1
33.92,69.18,2.29,41.43,4,141,50.39,645.03,sim,CoAP,iot_isolada,atuador,0
16.97,60.91,1.45,57.78,1,399,90.47,711.39,sim,CoAP,corporativa,sensor,1
23.37,54.62,5.73,57.31,1,88,20.04,1466.13,sim,MQTT,corporativa,gateway,0
19.9,59.08,4.39,138.91,1,222,53.7,291.27,nao,CoAP,visitantes,gateway,0
21.24,36.48,0.54,66.61,4,549,85.8,420.58,sim,MQTT,visitantes,sensor,1
28.37,67.43,1.13,207.41,2,155,62.44,181.59,sim,MQTT,visitantes,sensor,1
13.41,31.98,0.84,45.84,3,58,27.88,51.68,sim,MQTT,visitantes,atuador,1
32.3,67.04,11.78,42.92,1,104,48.75,290.69,sim,MQTT,iot_isolada,gateway,1
33.28,73.35,1.02,164.58,1,110,66.62,133.27,sim,MQTT,iot_isolada,sensor,0
26.24,55.8,5.52,97.29,0,96,35.66,468.88,sim,MQTT,iot_isolada,gateway,0
10.64,48.83,4.67,287.11,2,177,38.79,80.08,sim,MQTT,corporativa,sensor,1
21.03,59.21,9.1,160.57,0,831,42.18,178.12,sim,MQTT,iot_isolada,sensor,1
36.63,5.0,0.57,22.14,3,309,61.46,360.46,sim,MQTT,iot_isolada,sensor,1
8.55,57.44,10.06,65.45,1,190,27.77,387.86,sim,HTTP,iot_isolada,gateway,1
25.57,49.96,8.18,81.43,3,203,53.09,289.11,sim,MQTT,corporativa,sensor,0
19.74,51.09,7.05,77.4,0,122,48.89,1104.49,sim,CoAP,iot_isolada,camera,1
33.63,64.72,6.65,58.49,0,203,31.85,896.61,nao,MQTT,visitantes,sensor,0
23.27,50.65,7.17,76.29,2,533,63.26,185.11,nao,MQTT,corporativa,sensor,1
30.83,31.48,1.48,79.22,3,228,91.31,922.04,nao,MQTT,corporativa,sensor,1
31.96,49.45,3.77,41.96,4,419,46.46,1026.12,sim,MQTT,iot_isolada,camera,1
40.85,53.22,8.97,135.18,0,381,35.27,274.04,sim,CoAP,iot_isolada,atuador,0
26.58,54.07,7.07,192.24,2,806,66.1,308.52,sim,CoAP,iot_isolada,gateway,1
30.63,54.91,5.98,109.05,3,376,35.53,288.44,sim,MQTT,iot_isolada,sensor,1
17.6,70.71,2.63,88.12,2,770,47.31,190.28,sim,MQTT,corporativa,sensor,0
36.33,32.45,3.62,62.39,0,440,53.25,203.98,sim,HTTP,iot_isolada,sensor,1
22.68,55.16,1.06,80.95,2,269,40.43,752.59,nao,MQTT,visitantes,atuador,1
24.07,75.22,6.12,86.84,1,113,70.85,405.92,sim,HTTP,corporativa,camera,0
27.84,20.78,1.65,29.32,2,417,32.07,202.77,sim,CoAP,corporativa,atuador,0
17.06,55.23,2.7,130.78,0,441,60.17,156.3,nao,MQTT,corporativa,sensor,0
29.6,41.46,0.38,48.33,1,450,54.14,175.8,sim,MQTT,corporativa,camera,0
34.77,45.33,1.63,170.33,1,10,5.0,266.48,sim,MQTT,iot_isolada,camera,1
30.05,35.71,2.42,74.48,0,151,42.76,566.35,sim,CoAP,iot_isolada,camera,0
16.88,48.95,1.13,132.29,1,306,60.59,163.68,nao,HTTP,iot_isolada,camera,1
27.13,85.14,10.63,107.95,2,161,85.06,561.83,sim,MQTT,iot_isolada,sensor,0
33.19,29.24,0.5,22.41,0,140,85.24,343.05,sim,HTTP,iot_isolada,sensor,0
14.85,30.95,2.6,160.49,2,122,33.33,330.3,sim,MQTT,visitantes,atuador,1
20.48,28.57,1.42,36.34,5,50,35.78,612.81,sim,MQTT,corporativa,sensor,1
34.14,83.09,4.9,45.82,1,295,49.3,539.34,sim,CoAP,corporativa,gateway,0
29.89,43.68,7.1,49.07,4,132,55.24,111.81,sim,HTTP,iot_isolada,atuador,0
30.88,51.54,4.52,15.28,1,155,78.26,139.94,sim,MQTT,visitantes,camera,0
41.02,44.75,7.6,76.98,2,190,56.77,254.51,nao,HTTP,iot_isolada,camera,1
31.28,35.0,12.28,137.83,2,330,42.43,383.44,sim,MQTT,iot_isolada,sensor,1
32.61,47.77,7.91,167.63,3,264,35.96,776.82,sim,HTTP,corporativa,gateway,1
46.98,96.25,0.69,58.48,0,255,68.97,312.79,sim,HTTP,corporativa,atuador,1
26.5,77.06,7.06,66.19,0,20,91.05,984.95,sim,CoAP,visitantes,atuador,0
22.41,36.65,2.71,113.05,1,424,62.17,182.24,sim,CoAP,iot_isolada,sensor,1
30.99,63.66,8.06,59.71,2,645,55.68,205.14,sim,CoAP,iot_isolada,atuador,0
31.07,37.03,3.64,146.08,2,250,65.83,241.3,sim,HTTP,iot_isolada,sensor,1
24.31,20.03,6.53,63.81,1,85,71.48,168.67,sim,CoAP,iot_isolada,camera,0
20.77,70.35,10.76,32.31,2,143,70.24,672.89,sim,MQTT,corporativa,sensor,0
44.17,72.88,6.03,78.41,2,89,28.99,43.0,sim,HTTP,corporativa,sensor,0
30.29,70.83,9.0,18.35,2,595,34.35,210.08,sim,CoAP,corporativa,camera,1
22.87,43.54,1.42,77.67,2,154,42.3,667.64,sim,CoAP,visitantes,camera,1
34.41,49.0,4.62,88.36,3,259,26.08,240.18,sim,CoAP,iot_isolada,atuador,1
27.24,65.5,1.99,36.49,0,184,57.7,633.35,sim,MQTT,iot_isolada,sensor,0
26.23,59.05,3.86,85.94,2,319,83.21,1391.84,sim,MQTT,visitantes,atuador,0
31.94,44.91,1.69,54.4,2,107,21.38,316.17,sim,MQTT,corporativa,camera,0
18.96,22.86,11.59,35.25,2,251,71.77,677.39,nao,HTTP,corporativa,sensor,1
30.47,54.05,1.41,15.96,4,155,48.11,1625.22,sim,CoAP,corporativa,sensor,1
41.39,71.42,8.49,20.39,3,463,58.24,396.02,sim,HTTP,visitantes,gateway,0
31.26,30.44,5.98,181.67,1,23,56.65,288.98,sim,MQTT,corporativa,atuador,0
25.37,63.5,4.63,52.73,3,169,77.05,562.13,sim,HTTP,corporativa,sensor,0
24.45,57.97,8.97,86.86,1,433,48.28,684.68,sim,MQTT,corporativa,sensor,1
25.13,65.5,5.93,58.11,1,399,51.32,290.86,sim,MQTT,iot_isolada,camera,0
26.22,67.7,7.38,184.6,2,54,64.15,213.0,nao,HTTP,iot_isolada,camera,1
25.36,39.5,12.3,35.39,0,369,31.85,994.44,nao,CoAP,corporativa,gateway,1
34.41,22.89,3.07,70.39,1,98,64.17,247.29,sim,HTTP,iot_isolada,atuador,1
15.87,42.4,6.58,45.57,1,125,93.36,689.25,nao,CoAP,visitantes,sensor,1
34.03,68.0,0.75,131.33,1,417,32.33,359.25,sim,MQTT,corporativa,sensor,0
25.34,42.24,3.2,86.21,2,167,64.65,1073.71,sim,MQTT,visitantes,sensor,0
30.64,39.51,2.95,68.52,1,50,45.76,164.95,sim,HTTP,iot_isolada,atuador,0
20.11,19.22,12.38,23.04,1,78,22.56,164.73,sim,MQTT,visitantes,camera,1
37.3,83.55,6.76,238.37,1,224,73.31,543.56,nao,CoAP,corporativa,sensor,1
36.72,66.86,2.65,59.38,2,162,43.93,135.47,nao,MQTT,iot_isolada,gateway,0
34.72,65.86,2.1,30.61,1,160,21.51,324.29,nao,MQTT,iot_isolada,camera,0
17.4,69.42,4.51,16.03,3,315,69.29,883.5,sim,HTTP,corporativa,sensor,1
33.8,62.38,7.25,19.75,5,275,87.14,85.68,sim,HTTP,iot_isolada,sensor,1
30.83,47.6,2.05,68.05,2,172,87.88,396.03,sim,MQTT,corporativa,gateway,0
16.76,49.05,10.5,132.7,2,404,52.49,698.0,sim,MQTT,iot_isolada,gateway,0
27.83,44.3,1.12,82.24,1,317,64.0,293.5,nao,MQTT,iot_isolada,sensor,0
30.55,99.43,0.82,16.98,0,263,73.96,156.18,sim,MQTT,iot_isolada,sensor,0
31.89,62.01,2.26,67.94,2,142,61.61,248.68,nao,HTTP,corporativa,sensor,0
29.24,43.65,12.89,159.59,0,448,66.93,166.17,sim,MQTT,visitantes,gateway,0
30.04,60.38,2.99,51.34,1,158,23.84,313.69,sim,MQTT,corporativa,sensor,1
38.32,33.8,4.29,82.42,2,170,35.78,246.24,sim,HTTP,iot_isolada,sensor,1
36.58,79.08,10.54,53.09,0,604,87.9,208.66,sim,HTTP,iot_isolada,sensor,1
7.93,40.1,4.45,95.42,0,103,72.22,414.18,sim,MQTT,corporativa,atuador,0
25.78,61.02,11.4,34.93,3,102,65.42,902.69,nao,HTTP,iot_isolada,camera,1
26.85,71.19,2.0,5.0,1,175,22.61,375.96,sim,MQTT,visitantes,sensor,0
15.74,58.93,8.99,24.3,1,85,21.61,765.53,sim,MQTT,visitantes,camera,0
28.66,53.7,5.35,46.44,4,87,24.15,902.51,sim,HTTP,corporativa,gateway,0
36.74,52.19,0.05,63.04,2,592,48.0,198.21,sim,MQTT,corporativa,atuador,1
20.39,50.98,5.46,47.91,2,173,60.98,362.27,sim,HTTP,corporativa,atuador,0
30.35,41.62,2.92,47.16,2,270,57.93,221.97,nao,CoAP,iot_isolada,camera,0
21.59,43.91,4.03,133.45,1,59,35.0,105.9,sim,HTTP,corporativa,camera,0
23.3,78.63,1.97,27.96,0,96,74.79,383.38,nao,MQTT,corporativa,sensor,1
38.34,50.05,9.7,68.28,0,647,70.97,143.09,sim,MQTT,corporativa,gateway,0
24.2,37.86,13.63,18.07,1,85,47.22,419.48,sim,HTTP,visitantes,gateway,0
31.24,42.71,1.95,109.1,1,276,88.35,100.57,sim,HTTP,corporativa,sensor,0
14.9,71.81,8.45,80.75,0,8,9.56,336.87,sim,HTTP,iot_isolada,camera,0
41.04,64.16,3.46,235.42,0,55,39.69,99.53,sim,MQTT,corporativa,sensor,1
32.22,62.09,2.81,27.0,1,171,25.03,479.0,sim,CoAP,iot_isolada,gateway,0
26.72,47.36,5.71,190.38,0,395,84.59,226.93,sim,MQTT,iot_isolada,sensor,1
32.03,62.32,4.91,30.34,3,215,48.23,212.12,sim,MQTT,visitantes,sensor,1
18.13,40.42,3.73,51.03,3,183,90.73,657.57,sim,CoAP,iot_isolada,sensor,0
